84,1382,2,2,0,1,1,7000000000,83333000,https://divar.ir/v/AZsxVIBy
53,1385,1,4,0,0,1,3300000000,62264000,https://divar.ir/v/AZvJ4JOc
60,1402,1,4,1,1,0,5500000000,91666000,https://divar.ir/v/AZv53Wdn
74,1380,2,3,0,1,1,5300000000,71621000,https://divar.ir/v/AZv1WiTr
148,1389,3,1,1,1,1,11500000000,77702000,https://divar.ir/v/AZvlntVz
53,1382,1,3,0,1,0,4200000000,79245000,https://divar.ir/v/AZv9VzVn
90,1387,2,5,1,1,1,8900000000,98888000,https://divar.ir/v/AZvdXT5E
72,1382,2,2,1,1,1,6000000000,83333000,https://divar.ir/v/AZvZXaSD
151,1402,3,3,1,1,1,24000000000,158940000,https://divar.ir/v/AZvZ3AMZ
176,1401,3,4,1,1,1,22880000000,130000000,https://divar.ir/v/AZvVnnVf
75,1383,2,3,1,0,1,5290000000,70533000,https://divar.ir/v/AZvVnf15
70,1398,1,6,1,1,1,4100000000,58571000,https://divar.ir/v/AZkxteuz
85,1402,2,3,1,1,1,6000000000,70588000,https://divar.ir/v/AZv9l0K6
155,1400,3,2,1,1,1,26000000000,167741000,https://divar.ir/v/AZvJnHNy
68,1385,1,1,1,0,1,4900000000,72058000,https://divar.ir/v/AZvFHcq6
125,1401,3,5,1,1,1,13100000000,104800000,https://divar.ir/v/AZS5A0FS
83,1396,2,5,1,1,1,8000000000,96385000,https://divar.ir/v/AZv9WV66
60,1382,1,4,1,1,1,4600000000,76666000,https://divar.ir/v/AZkZel-H
126,1402,2,23,1,1,1,3780000000,30000000,https://divar.ir/v/AZvtWOVH
140,1400,2,1,1,1,1,11500000000,82142000,https://divar.ir/v/AZvlWt5o
190,1396,3,6,1,1,1,19500000000,102631000,https://divar.ir/v/AZvRGdt0
62,1386,1,3,1,1,1,4600000000,74193000,https://divar.ir/v/AZj5aYNq
115,1399,3,5,1,1,1,10000000000,86956000,https://divar.ir/v/AZsZt6XS
100,1390,2,1,1,1,0,8500000000,85000000,https://divar.ir/v/AZvh1MWg
54,1386,1,3,0,1,1,4200000000,77777000,https://divar.ir/v/AZvdFaoM
60,1385,1,2,1,1,1,4700000000,78333000,https://divar.ir/v/AZv9FLLz
75,1382,2,3,0,1,1,5300000000,70666000,https://divar.ir/v/AZvtlHoI
70,1390,2,2,1,0,1,5700000000,81428000,https://divar.ir/v/AZvlVsu5
116,1401,2,3,1,1,0,9400000000,81034000,https://divar.ir/v/AZvtkjOj
135,1398,2,1,1,1,1,11500000000,85185000,https://divar.ir/v/AZYRLDKN
54,1395,1,2,1,1,1,42800000000,792592000,https://divar.ir/v/AZQt_qiQ
60,1384,1,2,1,0,1,4700000000,78333000,https://divar.ir/v/AZvNlc3z
175,1392,3,2,1,1,1,16500000000,94285000,https://divar.ir/v/AZPdlnor
66,1385,1,3,0,1,1,4120000000,62424000,https://divar.ir/v/AZrF8Q1W
150,1401,3,4,1,1,0,15000000000,100000000,https://divar.ir/v/AZg1cnpj
50,1382,1,1,0,0,1,3250000000,65000000,https://divar.ir/v/AZvd0GW1
87,1385,2,4,1,1,1,7700000000,88505000,https://divar.ir/v/AZqxS_qb
100,1385,2,3,1,1,1,9200000000,92000000,https://divar.ir/v/AZv9TZwm
190,1402,3,3,1,1,1,24200000000,127368000,https://divar.ir/v/AZv1zQeG
135,1380,3,3,0,1,1,8800000000,65185000,https://divar.ir/v/AZvpT2jR
92,1386,2,1,1,0,1,8200000000,89130000,https://divar.ir/v/AZvlD4xT
78,1385,2,3,0,1,0,5000000000,64102000,https://divar.ir/v/AZvhT15n
91,1393,2,4,1,0,0,6400000000,70329000,https://divar.ir/v/AZvViuaV
71,1385,1,2,0,0,1,5325000000,75000000,https://divar.ir/v/AZvVzTmG
102,1376,3,4,0,1,1,7350000000,72058000,https://divar.ir/v/AZZVUJXr
90,1399,2,3,1,1,1,8500000000,94444000,https://divar.ir/v/AZvNjMY3
88,1390,2,5,1,1,1,9200000000,104545000,https://divar.ir/v/AZvBDLvz
61,1401,1,2,1,0,1,4900000000,80327000,https://divar.ir/v/AZvNB4AL
66,1382,1,3,0,1,1,4750000000,71969000,https://divar.ir/v/AZv9Seqa
102,1399,2,2,1,1,1,9050000000,88725000,https://divar.ir/v/AZv1yhpV
80,1396,2,2,1,1,1,7750000000,96875000,https://divar.ir/v/AZoVXHFH
107,1400,2,1,1,1,1,10680000000,99813000,https://divar.ir/v/AZkRuCcO
110,1389,2,2,1,1,1,9500000000,86363000,https://divar.ir/v/AZvlCszr
87,1384,2,5,1,0,1,7047000000,81000000,https://divar.ir/v/AZplsAjT
72,1383,2,1,1,1,1,6400000000,88888000,https://divar.ir/v/AZnFaAKt
72,1385,2,2,1,1,1,6100000000,84722000,https://divar.ir/v/AZvpiV1F
56,1397,1,1,1,1,1,3900000000,69642000,https://divar.ir/v/AZvhCKL0
124,1384,3,1,1,1,1,9700000000,78225000,https://divar.ir/v/AZvhSN8v
74,1396,2,2,1,1,1,5180000000,70000000,https://divar.ir/v/AZvdy2dN
145,1401,3,4,1,1,1,13700000000,94482000,https://divar.ir/v/AZvdix0g
81,1391,2,3,1,1,1,8350000000,103086000,https://divar.ir/v/AZc5pFca
70,1388,2,1,1,0,1,4800000000,68571000,https://divar.ir/v/AZvVyeHr
62,1394,2,1,0,0,1,3850000000,62096000,https://divar.ir/v/AZZpvh6Y
160,1387,4,7,0,1,1,1.11111E+11,694444000,https://divar.ir/v/AZvRie7t
60,1401,1,2,1,0,1,5200000000,86666000,https://divar.ir/v/AZvRiBpo
135,1397,2,1,1,1,1,11500000000,85185000,https://divar.ir/v/AZvNSzIl
164,1399,3,5,1,1,1,21300000000,129878000,https://divar.ir/v/AZvNCw8C
63,1385,1,4,0,0,1,3720000000,59047000,https://divar.ir/v/AZvJCq1Z
75,1382,2,3,0,1,1,5500000000,73333000,https://divar.ir/v/AZvJSOKY
150,1388,3,5,1,1,1,13500000000,90000000,https://divar.ir/v/AZvBi-tY
47,1380,1,2,0,0,1,3700000000,78723000,https://divar.ir/v/AZvBCHrM
132,1400,3,6,1,1,1,17820000000,135000000,https://divar.ir/v/AZkF_rxM
145,1402,3,3,1,1,1,18000000000,124137000,https://divar.ir/v/AZk1tF2D
116,1401,3,3,1,1,1,13400000000,115517000,https://divar.ir/v/AZv9Rkbm
175,1391,3,3,1,1,1,19500000000,111428000,https://divar.ir/v/AZv9hOf2
124,1401,2,2,1,1,1,11000000000,88709000,https://divar.ir/v/AZvxBRBB
87,1378,2,2,0,1,1,6900000000,79310000,https://divar.ir/v/AZsl9Lqy
50,1381,1,3,1,1,0,4000000000,80000000,https://divar.ir/v/AZp9t23z
135,1398,2,1,1,1,1,11500000000,85185000,https://divar.ir/v/AZv5xV36
63,1384,1,1,0,1,1,4500000000,71428000,https://divar.ir/v/AZv5hG0B
150,1402,3,6,1,1,1,18370000000,122466000,https://divar.ir/v/AZbdUTep
100,1396,2,2,1,1,1,7700000000,77000000,https://divar.ir/v/AZvtxKvt
104,1392,2,5,1,1,0,8400000000,80769000,https://divar.ir/v/AZotadBX
100,1389,2,3,1,1,1,11500000000,115000000,https://divar.ir/v/AZvZhY6j
138,1383,3,1,0,1,1,13900000000,100724000,https://divar.ir/v/AZvRxzRh
87,1398,2,4,1,1,1,7500000000,86206000,https://divar.ir/v/AZvRRujC
102,1383,2,1,1,1,1,8500000000,83333000,https://divar.ir/v/AZrJ5Gk-
58,1385,1,2,1,1,1,4700000000,81034000,https://divar.ir/v/AZoB9rE2
65,1385,2,3,0,1,1,4800000000,73846000,https://divar.ir/v/AZvNxcZu
41,1393,1,1,0,1,0,3390000000,82682000,https://divar.ir/v/AZvNxZxA
66,1379,2,1,0,1,1,4450000000,67424000,https://divar.ir/v/AZvNBX8C
57,1377,2,1,0,0,1,2965000000,52017000,https://divar.ir/v/AZvJxlnF
61,1385,1,1,0,1,1,5200000000,85245000,https://divar.ir/v/AZvFxhUV
147,1402,3,3,1,1,1,18400000000,125170000,https://divar.ir/v/AZvBx_EU
98,1401,2,5,1,1,1,10880000000,111020000,https://divar.ir/v/AZWpwQGX
95,1398,2,4,1,1,0,9000000000,94736000,https://divar.ir/v/AZfBlI8X
92,1402,2,6,1,1,1,8800000000,95652000,https://divar.ir/v/AZgR7RNd
89,1400,2,1,1,1,1,7450000000,83707000,https://divar.ir/v/AZfNEmbw
63,1379,1,2,0,1,1,5600000000,88888000,https://divar.ir/v/AZv1QT2c
90,1400,2,1,1,1,1,9500000000,105555000,https://divar.ir/v/AZvxQ0MV
57,1396,1,1,1,1,0,5300000000,92982000,https://divar.ir/v/AZvtQ15i
93,1402,2,1,1,1,1,8800000000,94623000,https://divar.ir/v/AZvtQ6fM
69,1382,2,1,1,0,1,4800000000,69565000,https://divar.ir/v/AZb9XDdQ
84,1380,2,2,0,1,1,6700000000,79761000,https://divar.ir/v/AZvhQ0Ua
120,1396,2,3,1,1,1,11400000000,95000000,https://divar.ir/v/AZop3F5e
70,1386,2,2,1,1,1,6200000000,88571000,https://divar.ir/v/AZcNQrcM
60,1381,1,1,1,1,1,5100000000,85000000,https://divar.ir/v/AZbNUttx
183,1387,3,1,0,1,1,14500000000,79234000,https://divar.ir/v/AZQp77AB
45,1399,1,4,1,1,0,4200000000,93333000,https://divar.ir/v/AZqVyJZz
142,1387,3,1,1,1,1,17040000000,120000000,https://divar.ir/v/AZrRBl95
65,1375,1,2,0,0,0,4875000000,75000000,https://divar.ir/v/AZrFz3vo
124,1401,2,2,1,1,1,11000000000,88709000,https://divar.ir/v/AZux_5DT
52,1397,1,4,1,1,1,5700000000,109615000,https://divar.ir/v/AZuxvS9L
70,1397,1,4,1,1,0,6000000000,85714000,https://divar.ir/v/AZoJWC98
27,1375,0,1,0,0,0,2200000000,81481000,https://divar.ir/v/AZYRJMvJ
118,1401,2,7,1,1,1,15340000000,130000000,https://divar.ir/v/AZg9u3Nq
98,1390,2,3,1,0,1,7700000000,78571000,https://divar.ir/v/AZutu-K1
149,1401,3,4,1,1,0,14676500000,98500000,https://divar.ir/v/AZq9jVAX
126,1400,3,4,1,1,1,12700000000,100793000,https://divar.ir/v/AZn59aMl
108,1383,2,4,0,1,1,6200000000,57407000,https://divar.ir/v/AZkhbFnS
48,1385,1,3,1,1,1,3390000000,70625000,https://divar.ir/v/AZu1m4qi
72,1386,2,2,1,1,1,6300000000,87500000,https://divar.ir/v/AZud21Gf
73,1380,1,3,0,0,1,4680000000,64109000,https://divar.ir/v/AZuZW7rj
60,1381,1,4,1,0,1,4620000000,77000000,https://divar.ir/v/AZuNVJOs
68,1395,2,2,1,1,1,7450000000,109558000,https://divar.ir/v/AZu5kCxk
74,1386,1,3,1,0,1,4950000000,66891000,https://divar.ir/v/AZklu5EE
102,1384,1,3,1,0,1,6200000000,60784000,https://divar.ir/v/AZud0gQr
92,1385,2,1,1,0,1,6440000000,70000000,https://divar.ir/v/AZuNEb2Q
80,1385,2,1,1,1,1,6800000000,85000000,https://divar.ir/v/AZuNE5-2
149,1402,3,1,1,1,1,18000000000,120805000,https://divar.ir/v/AZuNESdY
55,1382,1,2,0,1,0,4200000000,76363000,https://divar.ir/v/AZuB0Tej
60,1384,1,2,1,1,1,4700000000,78333000,https://divar.ir/v/AZuhTkO_
83,1385,2,1,1,1,1,7000000000,84337000,https://divar.ir/v/AZudDwRH
117,1401,3,1,1,1,1,7600000000,64957000,https://divar.ir/v/AZbd523Q
109,1395,2,4,1,1,1,9950000000,91284000,https://divar.ir/v/AZuBzNQK
75,1382,2,2,0,0,1,5300000000,70666000,https://divar.ir/v/AZu5Sq1-
172,1396,3,3,1,1,1,18950000000,110174000,https://divar.ir/v/AZulS-R1
185,1399,3,1,1,1,1,25000000000,135135000,https://divar.ir/v/AZuhy5fh
78,1399,2,1,1,1,1,4800000000,61538000,https://divar.ir/v/AZPhdNpv
72,1399,2,1,1,1,1,5150000000,71527000,https://divar.ir/v/AZnJI50V
69,1380,2,1,0,1,1,4250000000,61594000,https://divar.ir/v/AZX9aTFK
82,1387,2,2,0,1,1,5700000000,69512000,https://divar.ir/v/AZuZCD3X
33,1377,1,3,0,0,1,2490000000,75454000,https://divar.ir/v/AZMlfxZg
97,1402,2,3,1,1,1,10282000000,106000000,https://divar.ir/v/AZcJrRSJ
87,1398,2,4,1,1,1,7500000000,86206000,https://divar.ir/v/AZqtjFbR
150,1402,3,3,1,1,1,13500000000,90000000,https://divar.ir/v/AZJRjnnS
102,1394,2,1,1,1,1,7500000000,73529000,https://divar.ir/v/AZu1RFYv
116,1398,2,5,1,1,1,10800000000,93103000,https://divar.ir/v/AZadmYIr
92,1384,2,4,1,1,1,8800000000,95652000,https://divar.ir/v/AZuthGTw
100,1402,2,6,1,1,1,10000000000,100000000,https://divar.ir/v/AZupxVmt
95,1400,2,4,1,1,1,11300000000,118947000,https://divar.ir/v/AZgxqkzw
114,1402,2,1,1,1,1,13110000000,115000000,https://divar.ir/v/AZudRDtx
43,1382,1,3,0,0,1,3300000000,76744000,https://divar.ir/v/AZsZHl0r
110,1402,2,16,1,1,1,1000000000,9090000,https://divar.ir/v/AZtV7GO4
52,1388,1,1,0,0,1,3800000000,73076000,https://divar.ir/v/AZu9wtHB
180,1402,3,5,1,1,1,26000000000,144444000,https://divar.ir/v/AZuxQGlL
138,1383,3,1,0,1,1,13750000000,99637000,https://divar.ir/v/AZuxQA2Z
212,1401,4,3,1,1,1,24380000000,115000000,https://divar.ir/v/AZXtbY_-
195,1400,3,1,1,1,1,25350000000,130000000,https://divar.ir/v/AZK5hhLZ
100,1393,2,3,1,1,1,9000000000,90000000,https://divar.ir/v/AZdJC29U
80,1402,2,2,1,1,0,7200000000,90000000,https://divar.ir/v/AZupQjSY
86,1380,2,4,0,1,1,5000000000,58139000,https://divar.ir/v/AZRtVYpN
92,1387,2,3,0,1,1,6900000000,75000000,https://divar.ir/v/AZuJAeZS
100,1390,2,1,1,1,1,8600000000,86000000,https://divar.ir/v/AZolMNms
124,1401,2,1,1,1,1,10800000000,87096000,https://divar.ir/v/AZtZfKxB
76,1397,2,1,1,0,0,6150000000,80921000,https://divar.ir/v/AZt5OdGC
117,1402,3,4,1,1,1,11115000000,95000000,https://divar.ir/v/AZkdvHAe
96,1382,2,2,0,1,1,7000000000,72916000,https://divar.ir/v/AZtx-04L
196,1385,3,1,1,1,1,19000000000,96938000,https://divar.ir/v/AZth-5mY
76,1384,2,2,0,1,1,5700000000,75000000,https://divar.ir/v/AZtRuzi-
57,1381,1,1,0,0,1,4200000000,73684000,https://divar.ir/v/AZtNeZVH
93,1401,2,1,1,1,1,9672000000,104000000,https://divar.ir/v/AZtN-6FS
116,1392,3,4,1,1,1,10440000000,90000000,https://divar.ir/v/AZm9z_EZ
77,1385,2,1,0,0,1,6490000000,84285000,https://divar.ir/v/AZt5NFYE
56,1395,1,1,1,1,0,5200000000,92857000,https://divar.ir/v/AZt195rP
54,1395,1,1,1,1,0,4200000000,77777000,https://divar.ir/v/AZt1dv0H
50,1382,1,1,0,0,1,3600000000,72000000,https://divar.ir/v/AZt1tR-0
125,1385,3,1,1,1,1,9500000000,76000000,https://divar.ir/v/AZtx9laW
105,1402,2,3,1,1,1,12700000000,120952000,https://divar.ir/v/AZbtiyyX
97,1397,2,5,1,1,0,10600000000,109278000,https://divar.ir/v/AZrRi4Eh
65,1384,2,5,1,0,1,4400000000,67692000,https://divar.ir/v/AZKBkhXC
57,1384,1,3,1,0,1,4300000000,75438000,https://divar.ir/v/AZgRp_N3
88,1380,2,4,0,0,1,6200000000,70454000,https://divar.ir/v/AZtdNISd
190,1385,3,2,0,1,1,14000000000,73684000,https://divar.ir/v/AZtFNti7
80,1396,2,2,1,1,1,7600000000,95000000,https://divar.ir/v/AZtVdSgg
60,1385,1,3,0,0,1,4400000000,73333000,https://divar.ir/v/AZtJN-C5
76,1388,2,1,0,0,1,6200000000,81578000,https://divar.ir/v/AZtJ9Poi
82,1388,2,3,0,1,1,5700000000,69512000,https://divar.ir/v/AZtF904T
72,1380,2,2,0,0,1,5100000000,70833000,https://divar.ir/v/AZtBNQxQ
158,1401,3,3,1,1,1,18900000000,119620000,https://divar.ir/v/AZWJJ18b
163,1391,3,1,1,1,1,15400000000,94478000,https://divar.ir/v/AZoFXjuK
146,1402,3,2,1,1,1,13600000000,93150000,https://divar.ir/v/AZHReqzn
80,1397,2,1,1,1,1,5600000000,70000000,https://divar.ir/v/AZt5sIPF
113,1401,2,5,1,1,0,10396000000,92000000,https://divar.ir/v/AZZ1Se_h
80,1397,2,2,1,1,1,7600000000,95000000,https://divar.ir/v/AZgJu3_u
105,1387,2,4,1,1,1,8100000000,77142000,https://divar.ir/v/AZtx8nn6
82,1385,2,3,1,0,1,6250000000,76219000,https://divar.ir/v/AZh5-GfU
93,1384,2,5,1,0,1,7500000000,80645000,https://divar.ir/v/AZttM868
90,1387,2,5,1,1,1,8800000000,97777000,https://divar.ir/v/AZttMswK
60,1382,1,4,1,1,1,4600000000,76666000,https://divar.ir/v/AZk1PExL
106,1387,2,3,1,1,1,9280000000,87547000,https://divar.ir/v/AZttsQuN
76,1386,2,2,0,1,1,5700000000,75000000,https://divar.ir/v/AZtps7i6
87,1385,2,4,0,1,1,5650000000,64942000,https://divar.ir/v/AZtpcdL5
79,1388,2,1,0,0,1,4950000000,62658000,https://divar.ir/v/AZpFuPJe
103,1386,2,2,1,1,1,9150000000,88834000,https://divar.ir/v/AZtl8jBC
48,1385,2,2,1,0,1,3950000000,82291000,https://divar.ir/v/AZtZs47c
80,1402,2,2,1,1,1,9150000000,114375000,https://divar.ir/v/AZthc5cM
97,1382,2,3,0,1,1,7200000000,74226000,https://divar.ir/v/AZptt1zF
59,1385,1,2,1,1,1,4690000000,79491000,https://divar.ir/v/AZp1eHwz
87,1385,2,4,1,1,1,7690000000,88390000,https://divar.ir/v/AZpxOTjx
75,1385,2,4,1,1,1,6700000000,89333000,https://divar.ir/v/AZRhj7YG
165,1402,3,2,1,1,1,17300000000,104848000,https://divar.ir/v/AZkxJs_b
152,1384,3,4,1,1,1,13680000000,90000000,https://divar.ir/v/AZstXT-_
74,1382,1,3,1,0,1,4950000000,66891000,https://divar.ir/v/AZt9bjHK
64,1385,2,4,0,0,1,3776000000,59000000,https://divar.ir/v/AZt5L_e0
132,1401,3,3,1,1,1,18450000000,139772000,https://divar.ir/v/AZk9NXg8
87,1396,2,4,1,1,1,7500000000,86206000,https://divar.ir/v/AZHVeGM9
83,1388,2,2,0,1,1,5800000000,69879000,https://divar.ir/v/AZg9IUXe
200,1402,4,4,1,1,1,20500000000,102500000,https://divar.ir/v/AZtpLT0D
52,1385,1,3,1,1,0,5300000000,101923000,https://divar.ir/v/AZoZYKXm
98,1385,2,4,1,1,1,9800000000,100000000,https://divar.ir/v/AZoJXK84
115,1401,2,1,1,1,1,12650000000,110000000,https://divar.ir/v/AZIN_ODB
110,1402,3,2,1,1,1,12650000000,115000000,https://divar.ir/v/AZthbdbh
90,1383,2,3,1,1,1,7000000111,77777000,https://divar.ir/v/AZthLR-r
160,1401,3,4,1,1,1,16000000000,100000000,https://divar.ir/v/AZtdLqGZ
104,1393,2,5,1,1,0,8549000000,82201000,https://divar.ir/v/AZb1U93z
92,1402,2,6,1,1,1,9500000000,103260000,https://divar.ir/v/AZopMEem
109,1395,2,4,1,1,1,9800000000,89908000,https://divar.ir/v/AZtd7A1Y
152,1385,3,4,1,1,1,13600000000,89473000,https://divar.ir/v/AZX5m-t2
97,1383,3,5,1,1,1,7550000000,77835000,https://divar.ir/v/AZtZbGN-
41,1389,1,3,1,1,0,3550000000,86585000,https://divar.ir/v/AZtVbBJJ
54,1384,2,1,0,1,1,4980000000,92222000,https://divar.ir/v/AZtRbLeJ
109,1396,2,2,1,1,1,9810000000,90000000,https://divar.ir/v/AZS5BbC9
94,1384,2,5,1,0,1,9000000000,95744000,https://divar.ir/v/AZshXl2P
115,1396,2,4,1,1,1,10300000000,89565000,https://divar.ir/v/AZtJ70EN
58,1387,1,2,1,1,1,4650000000,80172000,https://divar.ir/v/AZp1NJx6
90,1387,2,3,1,0,1,6750000000,75000000,https://divar.ir/v/AZi9m2ED
130,1396,2,4,1,1,1,14300000000,110000000,https://divar.ir/v/AZpVwVIK
150,1401,3,3,1,1,1,19500000000,130000000,https://divar.ir/v/AZT5lobt
142,1392,3,5,1,1,1,15000000000,105633000,https://divar.ir/v/AZMNsKXN
100,1396,2,3,1,1,0,7500000000,75000000,https://divar.ir/v/AZrt1qz8
203,1401,3,3,1,1,1,30000000000,147783000,https://divar.ir/v/AZtdqWF9
118,1399,2,3,1,1,1,11000000000,93220000,https://divar.ir/v/AZthKDyT
67,1382,1,3,0,1,0,4500000000,67164000,https://divar.ir/v/AZTBleIh
52,1393,1,2,1,1,1,4200000000,80769000,https://divar.ir/v/AZt5Z4bG
96,1381,2,2,0,1,1,7000000000,72916000,https://divar.ir/v/AZtVX45u
61,1402,1,4,1,1,1,4750000000,77868000,https://divar.ir/v/AZtVknRe
72,70,2,1,0,0,0,4800000000,66666000,https://divar.ir/v/AZtFT_dq
173,1398,3,3,1,1,1,20600000000,119075000,https://divar.ir/v/AZtlifFp
97,1385,2,1,0,0,1,9000000000,92783000,https://divar.ir/v/AZtVhGAv
62,1384,1,3,1,0,1,3980000000,64193000,https://divar.ir/v/AZqdk07O
61,1391,1,1,1,0,0,4500000000,73770000,https://divar.ir/v/AZrxIxkW
94,1402,2,1,1,1,0,6600000000,70212000,https://divar.ir/v/AZtZwsjq
116,1393,3,4,1,1,1,10440000000,90000000,https://divar.ir/v/AZrt5ssf
52,1387,1,4,0,0,1,3900000000,75000000,https://divar.ir/v/AZslvScE
63,1397,1,2,1,1,1,5300000000,84126000,https://divar.ir/v/AZnhWx8M
165,1400,3,5,1,1,1,22000000000,133333000,https://divar.ir/v/AZcdZikl
57,1383,1,4,1,0,1,3900000000,68421000,https://divar.ir/v/AZsV_xPQ
74,1380,2,3,0,1,1,5300000000,71621000,https://divar.ir/v/AZsJPARl
54,1385,1,1,0,0,1,3800000000,70370000,https://divar.ir/v/AZsxcym_
82,1402,2,1,1,1,0,7800000000,95121000,https://divar.ir/v/AZspOYFz
165,1402,3,2,1,1,1,16700000000,101212000,https://divar.ir/v/AZslejDC
100,1390,2,3,1,1,1,9000000000,90000000,https://divar.ir/v/AZsJuc0B
60,1385,1,4,1,0,1,4000000000,66666000,https://divar.ir/v/AZkNO1TL
60,1382,1,1,0,0,0,3900000000,65000000,https://divar.ir/v/AZhZfqYw
73,1383,2,1,1,0,0,5450000000,74657000,https://divar.ir/v/AZsx9tWu
114,1401,3,3,1,1,1,11000000000,96491000,https://divar.ir/v/AZsBOkjh
113,1390,2,1,1,0,1,8050000000,71238000,https://divar.ir/v/AZsBem3n
60,1383,1,4,1,0,1,3950000000,65833000,https://divar.ir/v/AZsN7Pbv
103,1392,2,5,1,1,0,8500000000,82524000,https://divar.ir/v/AZbJVmkO
93,1401,2,1,1,1,1,9300000000,100000000,https://divar.ir/v/AZVlSdQH
57,1387,1,4,1,1,0,4600000000,80701000,https://divar.ir/v/AZpZ9tPb
113,1401,2,1,1,1,1,9700000000,85840000,https://divar.ir/v/AZsJNtDS
113,1401,2,2,1,1,0,9700000000,85840000,https://divar.ir/v/AZsJ9pM0
67,1395,1,5,1,1,1,5600000000,83582000,https://divar.ir/v/AZsJtBOG
50,1387,1,2,0,0,1,3380000000,67600000,https://divar.ir/v/AZlRu50Y
117,1392,3,5,1,1,1,9100000000,77777000,https://divar.ir/v/AZrtWsP3
81,1381,1,1,0,1,1,7400000000,91358000,https://divar.ir/v/AZJ5CbRR
185,1401,3,4,1,1,1,24050000000,130000000,https://divar.ir/v/AZsZsTse
78,1389,2,2,1,1,1,7700000000,98717000,https://divar.ir/v/AZsZcQvv
78,1387,2,4,0,0,1,4900000000,62820000,https://divar.ir/v/AZV1_Owv
160,1402,3,4,1,1,1,16000000000,100000000,https://divar.ir/v/AZsJ8eJg
99,1391,2,3,1,0,1,8800000000,88888000,https://divar.ir/v/AZs9L_z8
70,1382,2,3,0,0,1,4900000000,70000000,https://divar.ir/v/AZs9b_nK
195,1401,4,6,1,1,1,29250000000,150000000,https://divar.ir/v/AZs9bzXZ
126,1385,3,4,0,1,1,8450000000,67063000,https://divar.ir/v/AZoZL30R
98,1380,2,3,0,1,0,7000000000,71428000,https://divar.ir/v/AZsxrg2a
182,1390,3,5,1,1,1,25000000000,137362000,https://divar.ir/v/AZsl7QQU
125,1386,3,1,1,1,1,10000000000,80000000,https://divar.ir/v/AZshr2bg
49,1387,1,1,0,1,1,3600000000,73469000,https://divar.ir/v/AZk1Jm-T
90,1387,2,5,1,0,1,7500000000,83333000,https://divar.ir/v/AZshLDeN
93,1386,2,2,0,1,1,7700000000,82795000,https://divar.ir/v/AZsRbd-_
123,1394,3,5,1,1,1,10578000000,86000000,https://divar.ir/v/AZsNLGzS
102,1395,2,5,1,1,1,9850000000,96568000,https://divar.ir/v/AZrh5wR9
75,1380,2,1,0,1,1,4200000000,56000000,https://divar.ir/v/AZs9aX9f
74,1383,2,3,0,1,1,5080000000,68648000,https://divar.ir/v/AZsV632R
124,1383,3,1,1,1,1,9500000000,76612000,https://divar.ir/v/AZsRaisC
53,1394,1,2,1,1,1,4350000000,82075000,https://divar.ir/v/AZnp1n1Q
111,1396,3,2,1,1,1,10545000000,95000000,https://divar.ir/v/AZrJXlba
58,1400,1,2,1,0,1,5200000000,89655000,https://divar.ir/v/AZr90mLy
114,1400,3,3,1,1,1,11100000000,97368000,https://divar.ir/v/AZstZRsj
60,1381,1,4,1,1,1,4500000000,75000000,https://divar.ir/v/AZsZ5MCt
93,1385,2,1,0,1,1,7719000000,83000000,https://divar.ir/v/AZsJZ_Hb
69,1382,1,1,0,0,1,5550000000,80434000,https://divar.ir/v/AZoNMAif
65,1377,1,2,0,0,1,4300000000,66153000,https://divar.ir/v/AZsFJk0N
113,1396,2,2,1,1,1,10545000000,93318000,https://divar.ir/v/AZsxYhLR
105,1396,2,4,1,0,0,8500000000,80952000,https://divar.ir/v/AZXdD7sw
120,1396,2,5,1,1,1,10900000000,90833000,https://divar.ir/v/AZsp46ar
115,1397,2,2,1,1,1,8855000000,77000000,https://divar.ir/v/AZihyLcT
113,1387,2,1,1,0,1,8100000000,71681000,https://divar.ir/v/AZslY3He
76,1397,2,1,1,0,1,6300000000,82894000,https://divar.ir/v/AZshoZ63
73,1395,2,3,1,1,1,6700000000,91780000,https://divar.ir/v/AZfdFe6I
145,1401,3,4,1,1,1,13800000000,95172000,https://divar.ir/v/AZsZIpdN
125,1402,2,4,1,1,1,15000000000,120000000,https://divar.ir/v/AZsZoHfS
55,1384,2,1,1,1,1,4700000000,85454000,https://divar.ir/v/AZYRq1-b
100,1390,2,3,1,1,1,7700000000,77000000,https://divar.ir/v/AZj9yWcj
44,1386,1,1,1,1,1,3850000000,87500000,https://divar.ir/v/AZgFJT0q
60,1377,1,1,0,1,0,4650000000,77500000,https://divar.ir/v/AZrVwuHM
125,1402,2,4,1,1,1,15000000000,120000000,https://divar.ir/v/AZo1Ne17
52,1384,1,5,1,0,1,3800000000,73076000,https://divar.ir/v/AZsBorb6
60,1392,2,3,0,1,1,5100000000,85000000,https://divar.ir/v/AZrxIdYj
58,1378,1,2,0,1,1,4500000000,77586000,https://divar.ir/v/AZs5ngS_
76,1395,2,2,1,1,0,6100000000,80263000,https://divar.ir/v/AZs13BZF
106,1401,2,6,1,1,1,11130000000,105000000,https://divar.ir/v/AZsxXlUL
52,1389,1,1,0,0,1,3800000000,73076000,https://divar.ir/v/AZspXR4d
135,1402,3,2,1,1,1,14850000000,110000000,https://divar.ir/v/AZsp3n-R
90,1395,2,1,1,1,1,8500000000,94444000,https://divar.ir/v/AZl19Lat
82,1402,2,3,1,1,1,7700000000,93902000,https://divar.ir/v/AZsRnTxN
185,1402,3,1,1,1,1,20350000000,110000000,https://divar.ir/v/AZsN3vmr
102,1395,2,1,1,0,1,7800000000,76470000,https://divar.ir/v/AZsR3x-b
51,1396,1,1,0,0,0,3900000000,76470000,https://divar.ir/v/AZfdkdiy
149,1390,3,4,1,1,1,13500000000,90604000,https://divar.ir/v/AZaJKgX3
55,1401,1,4,1,1,0,3500000000,63636000,https://divar.ir/v/AZfJE6I9
113,1400,2,5,1,1,0,10000000000,88495000,https://divar.ir/v/AZORzkKg
65,1383,1,4,1,1,1,4600000000,70769000,https://divar.ir/v/AZs52fmC
98,1402,2,6,1,1,1,9800000000,100000000,https://divar.ir/v/AZs5WjG3
149,1402,3,3,1,1,1,18700000000,125503000,https://divar.ir/v/AZsx2bxU
89,1395,2,3,1,1,1,8600000000,96629000,https://divar.ir/v/AZfJr5V6
98,1380,2,1,0,1,1,7500000000,76530000,https://divar.ir/v/AZpJPAje
68,1396,2,3,1,1,1,8700000000,127941000,https://divar.ir/v/AZsxGPzS
76,1395,2,2,1,1,0,6200000000,81578000,https://divar.ir/v/AZstWTQW
27,1381,0,1,0,0,0,2200000000,81481000,https://divar.ir/v/AZa5Cod2
145,1402,3,3,1,1,1,18000000000,124137000,https://divar.ir/v/AZkRIRbg
163,1402,3,1,1,1,1,16300000000,100000000,https://divar.ir/v/AZg95kCM
98,1397,2,4,1,1,0,13000000000,132653000,https://divar.ir/v/AZfNaRXY
88,1380,2,1,0,0,1,6200000000,70454000,https://divar.ir/v/AZsd2vEU
102,1401,2,4,1,1,1,9200000000,90196000,https://divar.ir/v/AZsZW-Q9
115,1401,2,5,1,1,1,9600000000,83478000,https://divar.ir/v/AZp5chVU
52,1381,1,1,1,0,1,3750000000,72115000,https://divar.ir/v/AZPpGQFf
53,1382,1,1,1,0,1,3750000000,70754000,https://divar.ir/v/AZTJJj18
68,1385,1,4,1,0,0,5100000000,75000000,https://divar.ir/v/AZmRhOCy
190,1399,3,2,1,1,1,18100000000,95263000,https://divar.ir/v/AZsJmFt9
185,1402,3,2,1,1,1,25900000000,140000000,https://divar.ir/v/AZfdzu2Q
112,1402,2,2,1,1,0,10080000000,90000000,https://divar.ir/v/AZf9DO5i
220,1401,4,4,1,1,1,30000000000,136363000,https://divar.ir/v/AZWp1BBy
50,1376,1,4,0,1,1,5000000000,100000000,https://divar.ir/v/AZsF2OcW
100,1382,2,4,0,1,1,6350000000,63500000,https://divar.ir/v/AZYpKl52
96,1400,2,2,1,1,0,10100000000,105208000,https://divar.ir/v/AZs9FS-R
132,1400,3,1,1,1,1,17900000000,135606000,https://divar.ir/v/AZaNQ6V7
84,1390,2,1,0,0,1,6050000000,72023000,https://divar.ir/v/AZMxsM1G
140,1400,3,2,1,1,1,12750000000,91071000,https://divar.ir/v/AZsh1smR
96,1382,2,2,0,1,1,7000000000,72916000,https://divar.ir/v/AZo5myHB
140,1392,3,4,1,1,1,14000000000,100000000,https://divar.ir/v/AZgBZ1-G
44,1386,1,3,0,0,1,3300000000,75000000,https://divar.ir/v/AZY9pkJA
60,1380,1,1,0,0,0,3900000000,65000000,https://divar.ir/v/AZhhCqOl
117,1402,3,4,1,1,1,13300000000,113675000,https://divar.ir/v/AZsd1-1S
61,1398,1,4,1,1,1,5800000000,95081000,https://divar.ir/v/AZsdyelj
170,1394,3,3,1,1,1,16400000000,96470000,https://divar.ir/v/AZmJxL7k
109,1395,2,5,1,1,1,9800000000,89908000,https://divar.ir/v/AZiZSOgo
106,1386,2,4,1,1,1,9400000000,88679000,https://divar.ir/v/AZoZtpvF
68,1385,2,3,0,0,1,5000000000,73529000,https://divar.ir/v/AZrltfOu
73,1384,2,1,0,0,1,5000000000,68493000,https://divar.ir/v/AZr1MgU-
75,1385,2,4,0,0,1,5000000000,66666000,https://divar.ir/v/AZrdc5-J
100,1398,3,1,0,1,1,8000000000,80000000,https://divar.ir/v/AZr1aUgo
87,1390,2,3,1,1,1,6300000000,72413000,https://divar.ir/v/AZrxqrFz
109,1395,2,4,1,1,1,9800000000,89908000,https://divar.ir/v/AZrhapMi
102,1396,2,5,1,1,1,9850000000,96568000,https://divar.ir/v/AZrxJ5Og
111,1397,3,2,1,1,1,10545000000,95000000,https://divar.ir/v/AZrJ5W9m
90,1396,2,6,1,1,1,8500000000,94444000,https://divar.ir/v/AZrVpPKg
67,1394,1,3,1,1,1,5900000000,88059000,https://divar.ir/v/AZpVsGi7
80,1387,2,1,1,0,1,6000000000,75000000,https://divar.ir/v/AZnFU0uf
200,1380,3,3,1,1,1,21000000000,105000000,https://divar.ir/v/AZrxojwT
75,1395,2,3,1,1,1,5900000000,78666000,https://divar.ir/v/AZrl4fUF
65,1382,1,3,0,1,0,4300000000,66153000,https://divar.ir/v/AZrZ4Nsd
135,1398,3,2,1,1,1,14850000000,110000000,https://divar.ir/v/AZrhYcvy
62,1396,1,2,1,1,1,5250000000,84677000,https://divar.ir/v/AZrZ4lN5
85,1384,2,2,0,0,0,6500000000,76470000,https://divar.ir/v/AZhlijdo
109,1396,2,4,1,1,1,9500000000,87155000,https://divar.ir/v/AZZNv-OY
103,1393,2,5,1,1,1,9250000000,89805000,https://divar.ir/v/AZrRomhY
94,1383,2,2,0,0,1,7050000000,75000000,https://divar.ir/v/AZrJY6OR
75,1396,2,2,1,1,0,6500000000,86666000,https://divar.ir/v/AZr93FTM
108,1400,3,4,1,1,1,13000000000,120370000,https://divar.ir/v/AZrBora_
170,1402,3,3,1,1,1,18000000000,105882000,https://divar.ir/v/AZrp3cp4
77,1392,2,2,1,1,1,6000000000,77922000,https://divar.ir/v/AZrh32ug
150,1401,3,5,1,1,1,21000000000,140000000,https://divar.ir/v/AZrdXMjV
105,1402,2,3,1,1,0,10000000000,95238000,https://divar.ir/v/AZQN7QEv
149,1401,3,3,1,1,0,15647000000,105013000,https://divar.ir/v/AZTh1YbX
140,1402,3,3,1,1,1,12600000000,90000000,https://divar.ir/v/AZrJ3vkz
63,1397,1,2,1,1,1,4950000000,78571000,https://divar.ir/v/AZrFHrM3
53,1401,1,1,1,1,1,4550000000,85849000,https://divar.ir/v/AZbxJybs
165,1402,3,5,1,1,1,17000000000,103030000,https://divar.ir/v/AZh5_GcB
108,1381,2,3,0,1,1,8700000000,80555000,https://divar.ir/v/AZr9G8j6
126,1402,3,1,1,1,1,16380000000,130000000,https://divar.ir/v/AZb9lHfh
77,1393,2,2,1,1,1,6150000000,79870000,https://divar.ir/v/AZr52Uyj
187,1386,3,2,1,1,1,15895000000,85000000,https://divar.ir/v/AZrxW7SX
103,1392,2,5,1,1,0,8550000000,83009000,https://divar.ir/v/AZblFFBd
60,1382,1,2,1,0,1,4500000000,75000000,https://divar.ir/v/AZrt2b5R
82,1398,2,2,1,1,1,7600000000,92682000,https://divar.ir/v/AZrt2JfW
83,1395,2,2,1,1,1,7600000000,91566000,https://divar.ir/v/AZrpmyE9
55,1385,1,2,1,1,1,4510000000,82000000,https://divar.ir/v/AZrpmgdS
88,70,2,2,0,0,1,5666000000,64386000,https://divar.ir/v/AZrdUx8I
56,1385,2,2,1,0,1,4100000000,73214000,https://divar.ir/v/AZr5lzlK
100,1393,2,3,1,1,1,9000000000,90000000,https://divar.ir/v/AZm9fy-C
85,1392,2,1,1,1,1,9000000000,105882000,https://divar.ir/v/AZrBGV5V
63,1372,1,4,0,0,1,4500000000,71428000,https://divar.ir/v/AZrhl9x2
160,1390,3,4,1,1,1,14250000000,89062000,https://divar.ir/v/AZrhVCFe
76,1393,2,2,1,1,0,6100000000,80263000,https://divar.ir/v/AZqtDpcw
45,1384,1,5,1,0,1,3750000000,83333000,https://divar.ir/v/AZrR1Eg_
70,1385,1,5,1,0,1,5100000000,72857000,https://divar.ir/v/AZrRTAda
60,1392,2,4,0,1,1,4800000000,80000000,https://divar.ir/v/AZp9PSlv
175,1401,3,3,1,1,1,22750000000,130000000,https://divar.ir/v/AZSVHce6
40,1382,1,1,1,0,1,3400000000,85000000,https://divar.ir/v/AZmZhp39
85,1402,2,1,1,1,1,9800000000,115294000,https://divar.ir/v/AZop-2_8
66,1379,2,3,0,0,1,3970000000,60151000,https://divar.ir/v/AZrR0U2K
145,1393,3,5,1,1,1,14500000000,100000000,https://divar.ir/v/AZots7yq
65,1401,2,1,1,1,1,6085000000,93615000,https://divar.ir/v/AZhZPIZr
93,1371,2,1,0,1,1,4935000000,53064000,https://divar.ir/v/AZdBBNrW
55,1384,1,3,0,1,1,4000000000,72727000,https://divar.ir/v/AZrNT4mA
150,1401,3,6,1,1,1,16200000000,108000000,https://divar.ir/v/AZr1DRjr
102,1397,2,1,1,0,1,7300000000,71568000,https://divar.ir/v/AZrlz5t1
90,1402,2,2,1,1,1,8500000000,94444000,https://divar.ir/v/AZrZTzwI
56,1390,1,2,1,1,1,4500000000,80357000,https://divar.ir/v/AZhN-E9f
120,1402,3,3,1,1,1,12600000000,105000000,https://divar.ir/v/AZrVDmlo
98,1398,2,4,1,1,0,13200000000,134693000,https://divar.ir/v/AZcdPYzI
175,1401,3,3,1,1,1,27500000000,157142000,https://divar.ir/v/AZrBDbWt
104,1389,2,2,1,1,1,8250000000,79326000,https://divar.ir/v/AZrJD1yN
70,1380,2,3,0,0,1,4500000000,64285000,https://divar.ir/v/AZrJjPJ1
62,1386,1,4,1,1,1,4600000000,74193000,https://divar.ir/v/AZfZqxmj
65,1380,1,3,0,1,0,4300000000,66153000,https://divar.ir/v/AZr9CGn7
185,1401,3,3,1,1,1,24000000000,129729000,https://divar.ir/v/AZrxiLVI
103,1394,2,5,1,1,1,8550000000,83009000,https://divar.ir/v/AZb1To0H
82,1385,2,3,0,1,1,5700000000,69512000,https://divar.ir/v/AZrpS0SP
97,1396,2,4,1,0,0,7000000000,72164000,https://divar.ir/v/AZrlSViI
105,1392,2,5,1,1,0,8735000000,83190000,https://divar.ir/v/AZgdaUH-
56,1385,1,2,1,1,1,4550000000,81250000,https://divar.ir/v/AZVtvujE
80,1394,2,2,1,1,1,7600000000,95000000,https://divar.ir/v/AZrdi6QT
58,1382,1,2,1,0,1,3950000000,68103000,https://divar.ir/v/AZUVcqnu
98,1389,2,2,0,1,1,9000000000,91836000,https://divar.ir/v/AZrJCPfF
115,1392,2,1,1,1,1,12000000000,104347000,https://divar.ir/v/AZrBC-Y2
81,1396,2,2,1,1,1,7600000000,93827000,https://divar.ir/v/AZg5Kqxj
100,1382,2,3,0,1,1,6300000000,63000000,https://divar.ir/v/AZhZuqPg
180,1402,3,5,1,1,1,27000000000,150000000,https://divar.ir/v/AZktIP7c
110,1393,2,2,1,1,1,10000000000,90909000,https://divar.ir/v/AZrRBp5B
64,1376,1,2,0,1,1,3900000000,60937000,https://divar.ir/v/AZrZxWlf
102,1394,2,1,1,1,1,7140000000,70000000,https://divar.ir/v/AZr1RtS-
75,1382,2,3,0,0,1,5250000000,70000000,https://divar.ir/v/AZr5RJcL
66,1382,2,2,0,0,1,3300000000,50000000,https://divar.ir/v/AZr5hEvb
191,1402,3,2,1,1,1,18100000000,94764000,https://divar.ir/v/AZrhBjPq
70,1385,1,5,1,0,1,5100000000,72857000,https://divar.ir/v/AZrtRtrk
104,1402,2,2,1,0,0,8550000000,82211000,https://divar.ir/v/AZXh3sTk
52,1390,1,1,0,1,1,4500000000,86538000,https://divar.ir/v/AZrpRcYW
108,1381,2,3,0,1,1,9180000000,85000000,https://divar.ir/v/AZrlxWyb
165,1392,3,4,1,1,1,14250000000,86363000,https://divar.ir/v/AZrlhILe
70,1387,2,1,1,1,1,5600000000,80000000,https://divar.ir/v/AZXZEejb
50,1382,1,1,1,0,0,3900000000,78000000,https://divar.ir/v/AZrZhzk8
74,1396,2,2,1,1,1,5180000000,70000000,https://divar.ir/v/AZWZiACL
48,1381,1,4,0,0,1,4300000000,89583000,https://divar.ir/v/AZrRBtHx
60,1386,1,5,1,1,1,4700000000,78333000,https://divar.ir/v/AZrVhT1y
103,1396,2,5,1,1,1,9700000000,94174000,https://divar.ir/v/AZk9LpEZ
70,1386,2,2,0,0,1,5000000000,71428000,https://divar.ir/v/AZrNBbSD
125,1393,3,3,1,1,0,11300000000,90400000,https://divar.ir/v/AZSZwOKu
70,1385,2,3,0,0,1,4500000000,64285000,https://divar.ir/v/AZnRTGww
88,1382,2,3,1,1,1,7150000000,81250000,https://divar.ir/v/AZgpPD4b
67,1395,1,5,1,1,0,5640000000,84179000,https://divar.ir/v/AZrFhKOr
141,1398,3,2,1,1,1,12600000000,89361000,https://divar.ir/v/AZr9QgFz
220,1399,4,4,1,1,1,31000000000,140909000,https://divar.ir/v/AZSVjnuu
107,1401,2,5,1,1,1,11877000000,111000000,https://divar.ir/v/AZaJhQng
114,1401,2,1,1,1,1,13680000000,120000000,https://divar.ir/v/AZJpjcY7
164,1399,3,5,1,1,1,21320000000,130000000,https://divar.ir/v/AZcxY2oF
100,1385,2,5,1,1,1,8500000000,85000000,https://divar.ir/v/AZk93JmY
136,1399,3,1,1,1,1,15000000000,110294000,https://divar.ir/v/AZrdAzuE
68,1375,2,1,1,1,1,5500000000,80882000,https://divar.ir/v/AZqxPVdU
142,1395,3,5,1,1,1,15000000000,105633000,https://divar.ir/v/AZWpyAZg
63,1392,2,3,1,1,1,5355000000,85000000,https://divar.ir/v/AZqd_JmX
172,1397,3,3,1,1,1,18500000000,107558000,https://divar.ir/v/AZYNf64x
108,1401,2,6,1,1,1,11800000000,109259000,https://divar.ir/v/AZI5gx8J
190,1402,3,2,1,1,1,27750000000,146052000,https://divar.ir/v/AZjxiq1a
142,1391,3,5,1,1,1,15000000000,105633000,https://divar.ir/v/AZbxd2DO
100,1401,2,3,1,1,1,13000000000,130000000,https://divar.ir/v/AZhBS-8g
72,1379,2,2,0,0,1,5300000000,73611000,https://divar.ir/v/AZq5nPOn
85,1380,2,1,0,0,1,4930000000,58000000,https://divar.ir/v/AZqBH6r2
85,1386,2,3,1,1,1,6300000000,74117000,https://divar.ir/v/AZh1R3a_
90,1400,2,6,1,1,1,8530000000,94777000,https://divar.ir/v/AZqJmrH7
70,1386,1,5,1,0,1,5100000000,72857000,https://divar.ir/v/AZqFWG6o
112,1374,2,2,0,1,1,10100000000,90178000,https://divar.ir/v/AZq91HQ7
100,1391,2,1,1,1,0,10000000000,100000000,https://divar.ir/v/AZq51vYl
48,1384,1,1,1,0,0,3900000000,81250000,https://divar.ir/v/AZqpV2L7
80,1402,2,2,1,1,1,7400000000,92500000,https://divar.ir/v/AZkRNnoA
116,1392,3,4,1,1,1,10440000000,90000000,https://divar.ir/v/AZq5k0l-
65,1380,1,4,0,0,1,4120000000,63384000,https://divar.ir/v/AZkV5Zo-
42,1378,2,1,0,0,1,2800000000,66666000,https://divar.ir/v/AZk5uyvI
144,1401,3,4,1,1,1,13700000000,95138000,https://divar.ir/v/AZqZkI_I
79,1387,2,2,0,1,1,6300000000,79746000,https://divar.ir/v/AZqdk1hs
114,1402,2,1,1,1,1,13110000000,115000000,https://divar.ir/v/AZqVEzSL
93,1385,2,4,1,1,1,8355000000,89838000,https://divar.ir/v/AZqNRm9a
76,1394,2,2,1,1,0,6100000000,80263000,https://divar.ir/v/AZqlBDzD
80,1386,2,3,0,0,1,4450000000,55625000,https://divar.ir/v/AZqJEsdC
70,1388,1,5,1,0,1,5100000000,72857000,https://divar.ir/v/AZqNxsiC
125,1392,3,2,1,1,1,11900000000,95200000,https://divar.ir/v/AZqFUUMC
46,1383,1,1,0,1,1,3900000000,84782000,https://divar.ir/v/AZqBkoRw
45,1383,1,1,0,1,1,3830000000,85111000,https://divar.ir/v/AZq9Dip6
53,1396,1,4,1,1,1,5720000000,107924000,https://divar.ir/v/AZXhL-U-
105,1395,2,5,1,1,1,8500000000,80952000,https://divar.ir/v/AZq1zA0P
115,1399,3,5,1,1,0,10235000000,89000000,https://divar.ir/v/AZqtznV-
78,1383,2,4,1,0,1,4680000000,60000000,https://divar.ir/v/AZqZTDf5
51,1401,1,2,1,0,1,4000000000,78431000,https://divar.ir/v/AZqZzG20
117,1399,2,3,1,1,1,11200000000,95726000,https://divar.ir/v/AZqVTklI
65,1385,1,3,1,0,1,5200000000,80000000,https://divar.ir/v/AZqVDPxD
78,1383,1,4,0,0,1,3625000000,46474000,https://divar.ir/v/AZUpfGDo
86,1380,2,4,0,1,1,5160000000,60000000,https://divar.ir/v/AZWxkDwd
113,1401,2,5,1,1,0,9600000000,84955000,https://divar.ir/v/AZWpmXv-
82,1396,2,5,1,1,1,7200000000,87804000,https://divar.ir/v/AZnlV1nQ
100,1402,2,2,1,1,1,7000000000,70000000,https://divar.ir/v/AZo9Nt-3
85,1380,2,1,1,1,1,5300000000,62352000,https://divar.ir/v/AZqBTVNG
195,1402,3,3,1,1,1,18600000000,95384000,https://divar.ir/v/AZq1C4Xo
125,1402,3,5,1,1,1,11875000000,95000000,https://divar.ir/v/AZNhxUaU
60,1387,1,2,1,1,1,4500000000,75000000,https://divar.ir/v/AZRFRHpg
100,1400,2,5,1,1,1,11900000000,119000000,https://divar.ir/v/AZq1CXOy
101,1391,2,1,1,1,1,10000000000,99009000,https://divar.ir/v/AZqhy2uQ
64,1380,1,4,0,0,1,3500000000,54687000,https://divar.ir/v/AZqZy5aG
66,1382,2,3,0,0,1,4600000000,69696000,https://divar.ir/v/AZYZqHzC
116,1399,3,4,1,1,1,13500000000,116379000,https://divar.ir/v/AZqNS4-A
48,1381,1,4,0,0,1,2900000000,60416000,https://divar.ir/v/AZq5RC8o
58,1385,1,2,0,1,1,4500000000,77586000,https://divar.ir/v/AZq1BLC-
87,1385,2,4,0,1,1,5655000000,65000000,https://divar.ir/v/AZq1hHmY
160,1389,3,1,1,1,1,14700000000,91875000,https://divar.ir/v/AZqlBSaf
190,1402,3,3,1,1,1,17450000000,91842000,https://divar.ir/v/AZqlRW8l
83,1400,2,4,1,1,0,5370000000,64698000,https://divar.ir/v/AZqdAYFF
84,1382,2,2,0,1,1,5700000000,67857000,https://divar.ir/v/AZqVgFmx
55,1402,1,1,1,1,1,4400000000,80000000,https://divar.ir/v/AZqNgntd
165,1402,3,2,1,1,1,18150000000,110000000,https://divar.ir/v/AZqBAzl8
48,1380,1,4,0,0,1,2820000000,58750000,https://divar.ir/v/AZpxfEW3
47,1387,1,1,1,0,1,4000000000,85106000,https://divar.ir/v/AZpd_xdZ
116,1400,3,4,1,1,1,13390000000,115431000,https://divar.ir/v/AZp99D87
77,1385,2,1,0,0,1,6545000000,85000000,https://divar.ir/v/AZpRPkTN
70,1386,1,5,1,0,1,5100000000,72857000,https://divar.ir/v/AZp1tI3j
70,1382,1,4,1,0,1,5100000000,72857000,https://divar.ir/v/AZpx9vXV
95,1383,2,2,1,0,1,6560000000,69052000,https://divar.ir/v/AZk9oTWm
85,1385,2,1,0,1,1,7100000000,83529000,https://divar.ir/v/AZp5eG4d
75,1386,1,3,1,0,1,5000000000,66666000,https://divar.ir/v/AZppuVCx
65,1386,2,1,1,1,1,5420000000,83384000,https://divar.ir/v/AZoV_ROE
60,1386,1,4,1,0,1,3980000000,66333000,https://divar.ir/v/AZmNTbE7
50,1382,1,4,0,0,1,2900000000,58000000,https://divar.ir/v/AZexC31P
105,1382,2,2,1,1,1,9270000000,88285000,https://divar.ir/v/AZcZvpBk
53,1394,1,2,1,1,1,4350000000,82075000,https://divar.ir/v/AZXN68kP
116,1401,3,4,1,1,1,13390000000,115431000,https://divar.ir/v/AZpdu7GZ
54,1385,1,5,1,0,1,3800000000,70370000,https://divar.ir/v/AZkN-psv
116,1398,3,4,1,1,1,13500000000,116379000,https://divar.ir/v/AZpN-bsl
100,1398,2,3,1,1,1,10200000000,102000000,https://divar.ir/v/AZpNtsUK
88,1382,2,3,0,1,0,5200000000,59090000,https://divar.ir/v/AZp992ya
58,1375,1,4,0,0,1,3500000000,60344000,https://divar.ir/v/AZp9987w
94,1392,2,2,1,1,1,8000000000,85106000,https://divar.ir/v/AZph9yum
108,1401,2,6,1,1,1,11340000000,105000000,https://divar.ir/v/AZpptkEr
60,1382,1,3,1,0,1,3990000000,66500000,https://divar.ir/v/AZp97Bik
87,1384,2,4,1,1,1,7700000000,88505000,https://divar.ir/v/AZpNcmEQ
42,1393,1,3,1,1,0,4300000000,102380000,https://divar.ir/v/AZpZdept
92,1395,2,2,1,1,1,5980000000,65000000,https://divar.ir/v/AZfxYvpV
110,1400,2,6,1,1,1,11700000000,106363000,https://divar.ir/v/AZphcxTF
57,1382,1,4,1,0,1,4300000000,75438000,https://divar.ir/v/AZpVdjvZ
119,1378,2,2,0,0,0,7750000000,65126000,https://divar.ir/v/AZpB94Wb
98,1399,2,4,1,0,0,6750000000,68877000,https://divar.ir/v/AZg9XR4u
118,1400,3,1,1,1,1,11500000000,97457000,https://divar.ir/v/AZplsWB3
116,1391,3,4,1,1,1,10440000000,90000000,https://divar.ir/v/AZp5cjGq
78,1390,1,4,1,1,1,7200000000,92307000,https://divar.ir/v/AZp18-HP
142,1391,3,5,1,1,1,15000000000,105633000,https://divar.ir/v/AZp18wjT
58,1380,1,2,1,1,1,4450000000,76724000,https://divar.ir/v/AZpp8MWE
51,1399,1,4,1,1,1,5250000000,102941000,https://divar.ir/v/AZbx1G5F
112,1384,2,1,1,1,1,9000000000,80357000,https://divar.ir/v/AZjNmh7e
58,1386,1,2,1,1,1,4700000000,81034000,https://divar.ir/v/AZpZMHCP
42,1384,1,3,0,0,1,3350000000,79761000,https://divar.ir/v/AZpRM4JJ
97,1391,2,4,1,0,1,7420000000,76494000,https://divar.ir/v/AZo5IK7R
95,1381,2,3,0,1,1,6950000000,73157000,https://divar.ir/v/AZkVqXrW
80,1381,2,3,0,1,1,5300000000,66250000,https://divar.ir/v/AZZtPd12
78,1380,2,3,0,0,1,4300000000,55128000,https://divar.ir/v/AZkBKh-w
87,1380,2,3,0,1,1,5800000000,66666000,https://divar.ir/v/AZgtaYxz
84,1382,2,2,0,1,1,6700000000,79761000,https://divar.ir/v/AZpJM0v-
115,1402,2,3,1,1,1,12650000000,110000000,https://divar.ir/v/AZllt-MI
95,1382,2,2,0,1,1,7000000000,73684000,https://divar.ir/v/AZo92qoP
160,1390,3,4,1,1,1,14250000000,89062000,https://divar.ir/v/AZpB8T5b
63,1394,1,1,1,0,1,3500000000,55555000,https://divar.ir/v/AZp9rHt_
83,1382,2,5,1,0,1,6300000000,75903000,https://divar.ir/v/AZp1bY6j
98,1388,2,3,1,0,1,7800000000,79591000,https://divar.ir/v/AZptrnWS
77,1384,2,3,0,0,1,5250000000,68181000,https://divar.ir/v/AZplLz9Z
57,1381,1,1,1,0,1,4300000000,75438000,https://divar.ir/v/AZpd73yV
46,1384,1,3,0,1,0,3300000000,71739000,https://divar.ir/v/AZSBJSR4
64,1385,2,3,0,1,1,4800000000,75000000,https://divar.ir/v/AZZhOtIc
120,70,2,1,0,1,0,10000000000,83333000,https://divar.ir/v/AZpR6R-i
100,1392,2,3,1,1,1,9200000000,92000000,https://divar.ir/v/AZpdi1Dz
59,1384,1,4,0,0,1,4000000000,67796000,https://divar.ir/v/AZpNyrUz
85,1383,2,4,0,0,1,4750000000,55882000,https://divar.ir/v/AZpBxPGw
132,1401,3,1,1,1,1,17160000000,130000000,https://divar.ir/v/AZpVQqdK
65,1377,1,2,0,1,1,5200000000,80000000,https://divar.ir/v/AZpZwCIO
45,1382,1,3,0,1,1,3400000000,75555000,https://divar.ir/v/AZpFQ9BF
75,1385,1,3,1,0,1,4950000000,66000000,https://divar.ir/v/AZot_ZeZ
42,1382,1,2,0,1,1,3400000000,80952000,https://divar.ir/v/AZox_5x5
82,1385,2,3,0,1,1,5700000000,69512000,https://divar.ir/v/AZNNGwMZ
83,1395,2,4,1,1,1,7650000000,92168000,https://divar.ir/v/AZoxfCCj
112,1396,2,4,1,1,1,9500000000,84821000,https://divar.ir/v/AZoNPnEX
115,1402,3,1,1,1,1,12075000000,105000000,https://divar.ir/v/AZoBf7lg
150,1402,3,2,1,1,0,15500000000,103333000,https://divar.ir/v/AZo5OZyl
110,1396,2,4,1,1,1,9800000000,89090000,https://divar.ir/v/AZo5eVuh
100,1400,2,3,1,1,1,8800000000,88000000,https://divar.ir/v/AZoNPcng
72,1400,2,2,1,1,0,6950000000,96527000,https://divar.ir/v/AZoVu8vX
260,1402,4,2,1,1,1,52000000000,200000000,https://divar.ir/v/AZQ1N5bi
69,1380,1,1,0,1,1,5037000000,73000000,https://divar.ir/v/AZoB_c1J
52,1385,1,1,0,1,1,4600000000,88461000,https://divar.ir/v/AZoBvl_c
48,1385,1,3,0,0,1,3560000000,74166000,https://divar.ir/v/AZop-Sc9
54,1385,1,4,0,1,1,3500000000,64814000,https://divar.ir/v/AZNZBCX1
108,1401,2,2,1,1,1,10800000000,100000000,https://divar.ir/v/AZol-Kq-
72,1382,2,1,0,0,1,4500000000,62500000,https://divar.ir/v/AZo1eLD0
85,1380,2,1,0,0,1,5000000000,58823000,https://divar.ir/v/AZfVnteC
99,1401,2,1,1,1,1,10450000000,105555000,https://divar.ir/v/AZoddjpL
110,1395,2,4,1,1,1,9500000000,86363000,https://divar.ir/v/AZeVnzvK
70,1380,2,1,0,0,1,4500000000,64285000,https://divar.ir/v/AZYVbg80
82,1397,2,3,1,1,1,7790000000,95000000,https://divar.ir/v/AZbBFKtW
55,1382,2,1,0,0,0,4500000000,81818000,https://divar.ir/v/AZoldfR9
120,1402,2,2,1,1,1,13200000000,110000000,https://divar.ir/v/AZohtoHv
115,1402,2,2,1,1,0,9600000000,83478000,https://divar.ir/v/AZoZ9kYw
105,1398,2,2,1,1,1,8925000000,85000000,https://divar.ir/v/AZoVN18Z
113,1401,2,2,1,1,0,9605000000,85000000,https://divar.ir/v/AZoNtnEs
86,1392,2,1,1,1,1,8500000000,98837000,https://divar.ir/v/AZlFeuom
75,1400,2,1,1,1,0,7500000000,100000000,https://divar.ir/v/AZblPKzU
115,1401,2,5,1,1,1,9800000000,85217000,https://divar.ir/v/AZoFdG-9
108,1399,2,3,1,1,1,12000000000,111111000,https://divar.ir/v/AZOZC3qj
85,1402,2,6,1,1,1,8400000000,98823000,https://divar.ir/v/AZo1MNvW
87,1386,2,2,1,1,1,7350000000,84482000,https://divar.ir/v/AZo18YuP
110,1398,2,5,1,1,1,7850000000,71363000,https://divar.ir/v/AZot8_ms
78,1375,2,2,0,0,0,5850000000,75000000,https://divar.ir/v/AZXVs5tA
87,1383,2,4,1,1,1,7100000000,81609000,https://divar.ir/v/AZOhhgXL
75,1395,2,2,1,1,0,6500000000,86666000,https://divar.ir/v/AZfFbjTZ
115,1400,2,4,1,1,1,14000000000,121739000,https://divar.ir/v/AZbJtQRB
73,1383,2,3,0,1,1,5110000000,70000000,https://divar.ir/v/AZol87Dq
138,1401,3,1,1,1,1,14000000000,101449000,https://divar.ir/v/AZhxusP0
74,1384,2,1,0,0,1,5200000000,70270000,https://divar.ir/v/AZoZs7-Z
125,1394,3,5,1,1,0,60000000000,480000000,https://divar.ir/v/AZSdQmeg
93,1402,2,6,1,1,1,9200000000,98924000,https://divar.ir/v/AZoJM2jD
48,1384,1,3,0,0,1,2440000000,50833000,https://divar.ir/v/AZopWfpf
115,1385,2,1,1,1,1,8500000000,73913000,https://divar.ir/v/AZidX9qD
98,1388,2,4,1,1,1,8670000000,88469000,https://divar.ir/v/AZoxK-r6
128,1401,3,5,1,1,1,12300000000,96093000,https://divar.ir/v/AZoxKe-K
100,1402,2,3,1,1,1,7200000000,72000000,https://divar.ir/v/AZol6HaR
78,1385,2,3,1,0,1,5400000000,69230000,https://divar.ir/v/AZk9ttVs
93,1395,2,1,1,1,1,6950000000,74731000,https://divar.ir/v/AZf5HHVR
195,1402,3,3,1,1,1,17370000000,89076000,https://divar.ir/v/AZdFQ_GL
170,1391,3,5,1,1,1,17700000000,104117000,https://divar.ir/v/AZotpa1G
57,1387,1,2,1,1,1,5250000000,92105000,https://divar.ir/v/AZoh5HKh
110,1396,2,4,1,1,1,9800000000,89090000,https://divar.ir/v/AZZ1xHo9
89,1383,2,1,0,0,1,7499000000,84258000,https://divar.ir/v/AZoJp80u
97,1382,2,5,1,0,1,8730000000,90000000,https://divar.ir/v/AZoJpTsu
75,1384,2,3,0,0,1,4850000000,64666000,https://divar.ir/v/AZo54X8D
58,1388,1,2,1,1,1,4950000000,85344000,https://divar.ir/v/AZo1YYhM
82,1387,2,2,0,1,0,6550000000,79878000,https://divar.ir/v/AZop47ua
109,1402,2,1,1,1,1,10700000000,98165000,https://divar.ir/v/AZoZYvBk
123,1386,3,1,1,1,0,10700000000,86991000,https://divar.ir/v/AZoR4up9
146,1401,3,3,1,1,1,13950000000,95547000,https://divar.ir/v/AZoVYtUG
40,1384,1,3,1,0,1,3100000000,77500000,https://divar.ir/v/AZNFimkL
88,1376,2,4,0,1,1,4650000000,52840000,https://divar.ir/v/AZodIZcT
101,1402,2,3,1,0,1,8280000000,81980000,https://divar.ir/v/AZYt6T13
120,1402,2,1,1,1,1,13100000000,109166000,https://divar.ir/v/AZoNY9x1
105,1396,2,2,1,1,1,10500000000,100000000,https://divar.ir/v/AZoNouu1
73,1402,2,3,1,1,1,9125000000,125000000,https://divar.ir/v/AZoF4dEI
90,1399,2,4,1,1,1,8600000000,95555000,https://divar.ir/v/AZoF4dyk
60,1384,1,1,0,1,1,4300000000,71666000,https://divar.ir/v/AZoF4C0F
93,1386,2,2,1,1,1,7500000000,80645000,https://divar.ir/v/AZo5XSkg
98,1398,2,4,1,1,1,13000000000,132653000,https://divar.ir/v/AZoBYDcO
56,1387,1,3,1,1,1,4150000000,74107000,https://divar.ir/v/AZjlyR_8
100,1391,2,3,1,1,1,8800000000,88000000,https://divar.ir/v/AZo5Hc19
56,1394,1,1,1,1,0,5100000000,91071000,https://divar.ir/v/AZo5nEqc
100,1392,2,1,1,1,1,8500000000,85000000,https://divar.ir/v/AZUxc9Zh
77,1380,1,1,0,0,0,4700000000,61038000,https://divar.ir/v/AZotXphE
60,1388,1,1,1,1,1,4800000000,80000000,https://divar.ir/v/AZopXDhL
150,1394,3,4,1,1,0,14000000000,93333000,https://divar.ir/v/AZodXCGD
125,1402,2,4,1,1,1,13200000000,105600000,https://divar.ir/v/AZhNwRGx
79,1392,2,5,1,1,1,7750000000,98101000,https://divar.ir/v/AZgBKhbZ
72,1384,2,2,0,0,1,5600000000,77777000,https://divar.ir/v/AZoRHjsF
145,1378,3,3,0,1,1,9200000000,63448000,https://divar.ir/v/AZoRnRWi
103,1396,2,2,1,1,1,9700000000,94174000,https://divar.ir/v/AZWFWGSr
72,1382,1,1,0,0,1,5000000000,69444000,https://divar.ir/v/AZbRVhYy
57,1381,1,1,0,1,1,4500000000,78947000,https://divar.ir/v/AZoJ3HyN
65,1402,2,1,1,1,1,6100000000,93846000,https://divar.ir/v/AZZtRyR-
60,1375,1,1,0,1,1,4200000000,70000000,https://divar.ir/v/AZo9G51h
46,1375,1,1,0,0,1,3000000000,65217000,https://divar.ir/v/AZo52bpL
48,1382,1,3,0,0,1,2265000000,47187000,https://divar.ir/v/AZmlhMDX
135,1399,2,1,1,1,1,12500000000,92592000,https://divar.ir/v/AZoZWJlI
39,1384,1,1,0,0,1,3100000000,79487000,https://divar.ir/v/AZoB2oTZ
68,1382,2,3,0,1,1,5700000000,83823000,https://divar.ir/v/AZo5FXXn
88,1372,2,2,0,0,1,16000000000,181818000,https://divar.ir/v/AZn1_i8C
103,1402,2,1,1,1,1,10300000000,100000000,https://divar.ir/v/AZYNxapj
115,1402,2,4,1,1,1,9605000000,83521000,https://divar.ir/v/AZnZrDf1
70,1386,1,5,1,0,1,5100000000,72857000,https://divar.ir/v/AZjp75co
77,1385,2,3,1,0,1,5400000000,70129000,https://divar.ir/v/AZnN6AT9
82,1385,2,2,0,0,0,900000000,10975000,https://divar.ir/v/AZnxJ5kQ
113,1395,3,1,1,0,1,7200000000,63716000,https://divar.ir/v/AZnxJSPV
102,1394,2,1,1,0,1,7050000000,69117000,https://divar.ir/v/AZnR4jd_
44,1378,1,1,0,0,1,3100000000,70454000,https://divar.ir/v/AZnx2vdY
86,1382,2,3,0,1,1,5000000000,58139000,https://divar.ir/v/AZnxWl4s
112,1392,2,4,1,1,1,10200000000,91071000,https://divar.ir/v/AZntG57z
49,1380,1,1,0,1,1,3600000000,73469000,https://divar.ir/v/AZkZ8M-p
70,1385,2,3,1,0,1,5400000000,77142000,https://divar.ir/v/AZnp2Edh
48,1382,1,4,0,0,1,2900000000,60416000,https://divar.ir/v/AZl1giCr
70,1385,1,2,1,0,1,5500000000,78571000,https://divar.ir/v/AZnlGKaG
60,1383,1,4,1,0,1,4700000000,78333000,https://divar.ir/v/AZitnnvx
80,1398,2,2,1,1,1,7590000000,94875000,https://divar.ir/v/AZnZVLX0
145,1400,3,2,1,1,1,13200000000,91034000,https://divar.ir/v/AZnJ112j
39,1383,1,2,0,1,1,3000000000,76923000,https://divar.ir/v/AZnZEs1v
106,1402,3,4,1,1,1,13000000000,122641000,https://divar.ir/v/AZnREh-H
60,1385,1,1,1,1,1,4800000000,80000000,https://divar.ir/v/AZnRkLL1
88,1398,2,5,1,1,1,8500000000,96590000,https://divar.ir/v/AZnhTwIT
120,1392,3,5,1,1,1,10500000000,87500000,https://divar.ir/v/AZndjRwx
121,1396,2,5,1,1,1,10900000000,90082000,https://divar.ir/v/AZn9yZxi
65,1382,1,4,1,0,1,4600000000,70769000,https://divar.ir/v/AZnhi3K5
185,1398,3,3,1,1,1,24100000000,130270000,https://divar.ir/v/AZV1Pg4L
60,1385,1,1,0,1,1,4300000000,71666000,https://divar.ir/v/AZnBiLXe
200,1397,2,1,0,1,1,2000000000,10000000,https://divar.ir/v/AZmhvMYn
172,1398,3,3,1,1,1,18920000000,110000000,https://divar.ir/v/AZmBLFzd
192,1382,3,3,1,1,1,17500000000,91145000,https://divar.ir/v/AZmJ51p6
60,1385,1,3,0,0,1,3900000000,65000000,https://divar.ir/v/AZmx1gzg
105,1401,3,4,1,1,1,6850000000,65238000,https://divar.ir/v/AZmFVAob
44,1382,1,2,0,0,1,3170000000,72045000,https://divar.ir/v/AZml0sgz
85,1402,2,6,1,1,1,8500000000,100000000,https://divar.ir/v/AZmZETrf
102,1397,2,5,1,1,1,9200000000,90196000,https://divar.ir/v/AZmBkRWi
58,1387,1,2,1,1,1,4600000000,79310000,https://divar.ir/v/AZXBcend
60,1383,1,3,1,0,0,3980000000,66333000,https://divar.ir/v/AZmlzsof
50,1380,1,4,0,0,0,2500000000,50000000,https://divar.ir/v/AZep0oH6
60,1383,1,4,1,0,1,3990000000,66500000,https://divar.ir/v/AZmJzcG-
62,1385,1,1,1,1,1,4700000000,75806000,https://divar.ir/v/AZm9C9H4
50,1382,1,4,0,0,1,2900000000,58000000,https://divar.ir/v/AZmtypmM
66,1382,1,4,0,0,1,4550000000,68939000,https://divar.ir/v/AZfZ4dls
68,1402,2,2,1,1,1,5150000000,75735000,https://divar.ir/v/AZgd6bZM
75,1392,2,4,1,1,1,5000000000,66666000,https://divar.ir/v/AZixgS5R
93,1396,2,1,1,1,1,5950000000,63978000,https://divar.ir/v/AZXxNh9Y
92,1384,2,2,1,0,1,8000000000,86956000,https://divar.ir/v/AZmhB1-2
74,1380,2,2,0,0,1,6000000000,81081000,https://divar.ir/v/AZmJh6wm
70,1386,1,5,1,0,1,5100000000,72857000,https://divar.ir/v/AZmBRiMr
144,1392,3,3,1,1,1,15000000000,104166000,https://divar.ir/v/AZm5w_8T
60,1380,1,1,0,1,0,4860000000,81000000,https://divar.ir/v/AZm1wCkK
110,1398,3,2,1,1,1,9400000000,85454000,https://divar.ir/v/AZmJgO3g
92,1386,2,2,1,0,1,7400000000,80434000,https://divar.ir/v/AZltfGdg
90,1383,2,2,0,1,1,5500000000,61111000,https://divar.ir/v/AZll_6n5
116,1402,3,4,1,1,1,13400000000,115517000,https://divar.ir/v/AZldPhn5
56,1385,1,1,1,1,1,4700000000,83928000,https://divar.ir/v/AZht_zVx
67,1383,2,2,1,0,0,4900000000,73134000,https://divar.ir/v/AZgpOfxE
60,1386,2,4,0,0,1,3000000000,50000000,https://divar.ir/v/AZWhFWbj
103,1401,2,1,1,1,1,10300000000,100000000,https://divar.ir/v/AZiFDvta
64,1382,1,4,1,0,1,3950000000,61718000,https://divar.ir/v/AZXh9x3o
73,1382,2,3,0,0,1,4350000000,59589000,https://divar.ir/v/AZSp4cg-
80,1380,1,2,0,0,1,5000000000,62500000,https://divar.ir/v/AZftD2dk
55,1380,1,1,0,0,1,3800000000,69090000,https://divar.ir/v/AZlxeOba
72,1390,2,2,1,0,1,4270000000,59305000,https://divar.ir/v/AZgh7rxv
62,1380,1,3,1,0,1,4490000000,72419000,https://divar.ir/v/AZldOboM
164,1399,3,5,1,1,1,21500000000,131097000,https://divar.ir/v/AZXpW0pk
60,1383,1,4,1,1,1,4600000000,76666000,https://divar.ir/v/AZlZemSS
175,1402,3,4,1,1,1,21000000000,120000000,https://divar.ir/v/AZlR-HoX
77,1402,2,3,1,1,0,9000000000,116883000,https://divar.ir/v/AZlJuIry
38,1382,1,3,0,1,1,3000000000,78947000,https://divar.ir/v/AZW9ZoOx
202,1402,3,3,1,1,1,28280000000,140000000,https://divar.ir/v/AZl5tNhN
100,1402,2,6,1,1,0,9900000000,99000000,https://divar.ir/v/AZltQFT9
102,1396,2,5,1,1,1,9690000000,95000000,https://divar.ir/v/AZl9tuq2
93,1390,2,5,1,1,1,8200000000,88172000,https://divar.ir/v/AZl1tNhF
149,1401,3,3,1,1,1,14200000000,95302000,https://divar.ir/v/AZglY1L9
74,1381,2,2,0,1,1,6100000000,82432000,https://divar.ir/v/AZltNJNd
77,1385,2,3,0,1,1,5749000000,74662000,https://divar.ir/v/AZgta9ot
80,1396,2,5,1,1,1,7200000000,90000000,https://divar.ir/v/AZfxUhCo
85,1402,2,1,1,1,1,9300000000,109411000,https://divar.ir/v/AZkN6ZL_
61,1387,2,1,1,1,1,4900000000,80327000,https://divar.ir/v/AZlZN7zm
67,1394,2,3,1,1,1,8710000000,130000000,https://divar.ir/v/AZlV9tTD
99,1397,2,4,1,1,0,13000000000,131313000,https://divar.ir/v/AZfRTEuM
118,1391,3,1,1,1,1,11600000000,98305000,https://divar.ir/v/AZlBdamS
81,1375,2,4,0,1,1,5500000000,67901000,https://divar.ir/v/AZl5sUeM
65,1382,1,2,0,1,1,4500000000,69230000,https://divar.ir/v/AZjN1iOA
59,1380,1,1,0,0,1,3835000000,65000000,https://divar.ir/v/AZlhsNq4
60,1381,1,2,1,0,1,4800000000,80000000,https://divar.ir/v/AZlZ8H4n
60,1382,1,4,1,0,0,3650000000,60833000,https://divar.ir/v/AZkRJUsV
85,1400,2,1,1,1,0,9750000000,114705000,https://divar.ir/v/AZlVc7zK
200,1402,3,3,1,1,1,31000000000,155000000,https://divar.ir/v/AZPJnNZD
70,1399,2,4,1,1,1,7350000000,105000000,https://divar.ir/v/AZlRLwrA
145,1401,3,3,1,1,1,14500000000,100000000,https://divar.ir/v/AZlt6Mfw
45,1387,1,3,0,1,0,3600000000,80000000,https://divar.ir/v/AZlJK9zg
57,1382,1,2,0,0,1,4000000000,70175000,https://divar.ir/v/AZlF6LJI
95,1393,2,1,1,1,1,8500000000,89473000,https://divar.ir/v/AZl9JneU
63,1389,2,4,0,1,1,5600000000,88888000,https://divar.ir/v/AZl1Dk-F
61,1386,1,1,1,1,1,4900000000,80327000,https://divar.ir/v/AZlZCeBB
48,1382,2,2,0,1,1,3700000000,77083000,https://divar.ir/v/AZlVBVO_
210,1402,3,2,1,1,1,27000000000,128571000,https://divar.ir/v/AZlNRADv
103,1396,2,4,1,1,1,9800000000,95145000,https://divar.ir/v/AZlJBV9C
115,1401,2,6,1,1,1,11500000000,100000000,https://divar.ir/v/AZTlWEXt
85,1380,2,1,0,0,1,4930000000,58000000,https://divar.ir/v/AZl5gQHt
40,1382,1,4,0,0,1,2500000000,62500000,https://divar.ir/v/AZlxANiq
60,1382,1,3,1,0,1,3990000000,66500000,https://divar.ir/v/AZlpQsr1
76,1402,2,5,1,1,1,3420000000,45000000,https://divar.ir/v/AZlpAkLD
210,1402,3,2,1,1,1,27000000000,128571000,https://divar.ir/v/AZk5vDZy
142,1391,3,5,1,1,1,15000000000,105633000,https://divar.ir/v/AZk9P-jn
113,1400,2,5,1,1,0,10396000000,92000000,https://divar.ir/v/AZZlz5nO
105,1401,2,1,1,1,1,11000000000,104761000,https://divar.ir/v/AZkVPge6
75,1383,2,1,1,0,0,5500000000,73333000,https://divar.ir/v/AZkdvKtp
83,1394,2,4,1,0,1,8000000000,96385000,https://divar.ir/v/AZkJ_Ifs
100,1393,2,3,1,1,0,7500000000,75000000,https://divar.ir/v/AZkxuux5
116,1391,3,1,1,1,1,11500000000,99137000,https://divar.ir/v/AZKdnSRz
100,1398,2,4,1,1,1,13000000000,130000000,https://divar.ir/v/AZk1u2-S
116,1395,3,1,1,1,1,11500000000,99137000,https://divar.ir/v/AZkteiGF
88,1387,2,5,1,1,1,8350000000,94886000,https://divar.ir/v/AZkl-oa0
52,1384,1,3,0,0,1,3200000000,61538000,https://divar.ir/v/AZkpelvJ
60,1384,1,4,1,1,1,4700000000,78333000,https://divar.ir/v/AZkxY8pF
45,1380,1,1,0,1,1,3900000000,86666000,https://divar.ir/v/AZkVeUAR
59,1384,1,4,1,0,1,4000000000,67796000,https://divar.ir/v/AZkRefPH
55,1384,1,1,0,0,1,3850000000,70000000,https://divar.ir/v/AZkROGM3
50,1387,1,2,0,0,1,33500000000,670000000,https://divar.ir/v/AZk1NP99
113,1400,2,5,1,1,0,9600000000,84955000,https://divar.ir/v/AZbdG24R
95,1399,2,1,1,1,1,11000000000,115789000,https://divar.ir/v/AZkptrHs
110,1384,2,4,1,1,1,7750000000,70454000,https://divar.ir/v/AZkpdgL8
60,1383,1,2,1,0,1,4500000000,75000000,https://divar.ir/v/AZkhNyn3
45,1383,1,2,0,1,1,3700000000,82222000,https://divar.ir/v/AZkdtYXL
77,1384,2,3,1,0,1,5200000000,67532000,https://divar.ir/v/AZkhczcb
98,1401,2,5,1,1,1,10450000000,106632000,https://divar.ir/v/AZkJdQnt
172,1396,3,3,1,1,1,18500000000,107558000,https://divar.ir/v/AZk98wVs
65,1389,2,3,1,1,1,5300000000,81538000,https://divar.ir/v/AZOphydM
166,1401,3,3,1,1,1,17700000000,106626000,https://divar.ir/v/AZkh7UGN
45,1382,1,2,0,1,1,3700000000,82222000,https://divar.ir/v/AZkdrkIP
70,1385,1,2,1,0,1,5500000000,78571000,https://divar.ir/v/AZkNLpHb
95,1397,2,1,1,1,1,11000000000,115789000,https://divar.ir/v/AZkBrwKX
116,1399,3,3,1,1,1,9700000000,83620000,https://divar.ir/v/AZktaX70
50,1400,1,1,1,0,1,5000000000,100000000,https://divar.ir/v/AZklq-_5
85,1382,2,3,0,1,1,4370000000,51411000,https://divar.ir/v/AZLB4yml
60,1384,1,4,1,0,1,3980000000,66333000,https://divar.ir/v/AZkVKLnW
47,1382,1,1,0,1,1,3600000000,76595000,https://divar.ir/v/AZkN6-E9
59,1385,1,4,1,0,1,4000000000,67796000,https://divar.ir/v/AZgBb52e
65,1384,1,2,0,0,1,3500000000,53846000,https://divar.ir/v/AZkFq7su
122,1388,2,4,1,1,1,9500000000,77868000,https://divar.ir/v/AZkxJsDB
65,1388,1,1,1,0,1,5300000000,81538000,https://divar.ir/v/AZkx5iap
49,1381,1,1,0,1,1,3600000000,73469000,https://divar.ir/v/AZkxJRDL
78,1385,1,2,1,0,1,5300000000,67948000,https://divar.ir/v/AZkZJBQo
215,1401,4,4,1,1,1,31175000000,145000000,https://divar.ir/v/AZkNZgPV
88,70,2,2,0,0,1,5700000000,64772000,https://divar.ir/v/AZkRJ_nh
70,1380,2,1,0,1,1,5100000000,72857000,https://divar.ir/v/AZhxtccX
98,1401,2,5,1,1,0,10780000000,110000000,https://divar.ir/v/AZbpczt_
95,1399,2,1,1,1,1,11000000000,115789000,https://divar.ir/v/AZk5ILZl
75,1372,1,2,0,0,1,5500000000,73333000,https://divar.ir/v/AZk54MTN
78,1383,2,4,1,0,1,6250000000,80128000,https://divar.ir/v/AZktIGIj
95,1402,2,6,1,1,1,11300000000,118947000,https://divar.ir/v/AZklodCq
62,1388,2,4,1,1,1,5500000000,88709000,https://divar.ir/v/AZkhYpKM
96,1382,2,1,1,0,1,6240000000,65000000,https://divar.ir/v/AZkVISXG
76,1387,1,3,1,0,1,5000000000,65789000,https://divar.ir/v/AZkJo2MV
145,1392,3,5,1,1,1,15000000000,103448000,https://divar.ir/v/AZkRogbw
70,1393,2,3,1,1,1,6100000000,87142000,https://divar.ir/v/AZYRqhoc
71,1382,2,1,1,0,1,5000000000,70422000,https://divar.ir/v/AZkhXjRJ
70,1393,2,4,1,0,1,5800000000,82857000,https://divar.ir/v/AZhtvz_P
70,1386,2,3,0,1,1,5950000000,85000000,https://divar.ir/v/AZYpqEHX
88,1374,2,1,0,0,1,7500000000,85227000,https://divar.ir/v/AZkd3qIz
144,1401,3,4,1,1,1,13700000000,95138000,https://divar.ir/v/AZkZnyBA
165,1400,3,5,1,1,1,21000000000,127272000,https://divar.ir/v/AZPVY2dt
70,1391,2,4,1,0,1,5800000000,82857000,https://divar.ir/v/AZkx2Hk9
44,1380,1,3,0,0,1,3000000000,68181000,https://divar.ir/v/AZf9kyhs
60,1380,2,3,0,0,1,4100000000,68333000,https://divar.ir/v/AZj5tchV
52,1388,1,3,1,1,0,4000000000,76923000,https://divar.ir/v/AZjhMcuj
75,1382,3,1,1,1,1,5200000000,69333000,https://divar.ir/v/AZZRiIcO
80,1382,2,1,1,1,1,5200000000,65000000,https://divar.ir/v/AZjVsZYb
53,1385,1,2,1,1,1,4350000000,82075000,https://divar.ir/v/AZjpbTEq
66,1384,1,4,0,0,1,4700000000,71212000,https://divar.ir/v/AZj9Ji7b
42,1381,1,زیر1 از ۴,0,0,1,2650000000,63095000,https://divar.ir/v/AZc5Z4Hz
165,1396,3,5,1,1,1,17000000000,103030000,https://divar.ir/v/AZjlYfKq
76,1385,2,3,1,0,1,5500000000,72368000,https://divar.ir/v/AZjxS7w2
50,1382,1,2,0,1,1,3600000000,72000000,https://divar.ir/v/AZjJHfg_
116,1395,3,1,1,1,1,11500000000,99137000,https://divar.ir/v/AZj5GVez
95,1397,2,1,1,1,1,11000000000,115789000,https://divar.ir/v/AZjdm1i2
44,1398,1,3,1,1,1,3400000000,77272000,https://divar.ir/v/AZjNmPtT
68,1392,1,3,1,1,1,4700000000,69117000,https://divar.ir/v/AZjJWODB
110,1395,2,4,1,1,1,9500000000,86363000,https://divar.ir/v/AZdNQeCg
145,70,3,3,0,1,1,8850000000,61034000,https://divar.ir/v/AZXRbTdC
76,1385,2,3,0,1,1,5750000000,75657000,https://divar.ir/v/AZZhTbEo
65,1378,1,4,0,0,1,3900000000,60000000,https://divar.ir/v/AZjply53
100,1380,2,2,0,1,1,8500000000,85000000,https://divar.ir/v/AZf1xQWR
144,1401,3,4,1,1,1,13700000000,95138000,https://divar.ir/v/AZjl0bCI
71,1381,2,2,0,0,1,5800000000,81690000,https://divar.ir/v/AZjFE4E9
115,1396,2,5,1,1,1,10700000000,93043000,https://divar.ir/v/AZjFkX-9
56,1379,2,1 از ۴,0,0,0,3870000000,69107000,https://divar.ir/v/AZj9DMTG
204,1402,3,4,1,1,1,24000000000,117647000,https://divar.ir/v/AZjJDRVN
44,1381,1,4,1,0,0,3310000000,75227000,https://divar.ir/v/AZj1Cp9Q
54,1392,1,4,1,0,1,4320000000,80000000,https://divar.ir/v/AZflYB22
100,1390,2,3,1,1,1,12200000000,122000000,https://divar.ir/v/AZjZikb9
90,1385,2,2,1,0,1,7500000000,83333000,https://divar.ir/v/AZix4PtZ
52,1385,1,3,1,1,0,5400000000,103846000,https://divar.ir/v/AZiJ5VWL
60,1402,1,20,1,1,1,3100000000,51666000,https://divar.ir/v/AZbN4WTG
84,1388,2,3,1,1,1,6650000000,79166000,https://divar.ir/v/AZitY7Z3
175,1396,3,3,1,1,1,18000000000,102857000,https://divar.ir/v/AZiJ3Vvf
50,1389,1,3,1,1,0,4200000000,84000000,https://divar.ir/v/AZi5G_Js
72,1399,2,2,1,1,1,7100000000,98611000,https://divar.ir/v/AZi1GHx8
54,1380,1,4,1,0,0,4300000000,79629000,https://divar.ir/v/AZiZWTql
175,1397,3,3,1,1,1,18000000000,102857000,https://divar.ir/v/AZiVWP2o
85,1386,2,3,1,1,1,6300000000,74117000,https://divar.ir/v/AZiNGN-J
60,1381,1,2,0,0,1,3900000000,65000000,https://divar.ir/v/AZiF2Ig7
114,1384,2,1,1,1,1,9000000000,78947000,https://divar.ir/v/AZi9VxU4
60,1387,2,3,0,1,1,5000000000,83333000,https://divar.ir/v/AZi9lxZm
121,1382,2,4,0,1,1,7200000000,59504000,https://divar.ir/v/AZiFl8v6
80,1402,2,2,1,1,1,7440000000,93000000,https://divar.ir/v/AZPxsdcp
50,1382,1,1,0,0,1,3395000000,67900000,https://divar.ir/v/AZSJJSZ3
116,1391,3,1,1,1,1,11700000000,100862000,https://divar.ir/v/AZiVkIk1
50,1385,2,0,0,0,1,2800000000,56000000,https://divar.ir/v/AZiFkyzm
80,1380,2,3,0,1,1,6150000000,76875000,https://divar.ir/v/AZiBUwid
120,1396,2,5,1,1,1,10800000000,90000000,https://divar.ir/v/AZiBEXvu
60,1380,1,1,0,0,1,3800000000,63333000,https://divar.ir/v/AZi9jLCq
115,1400,3,5,1,1,1,10120000000,88000000,https://divar.ir/v/AZi5jvbA
149,1401,3,3,1,1,1,14453000000,97000000,https://divar.ir/v/AZitD1OM
132,1401,3,6,1,1,1,17160000000,130000000,https://divar.ir/v/AZiVjvFq
66,1382,1,4,0,0,1,4650000000,70454000,https://divar.ir/v/AZi9icJT
101,1402,2,3,1,0,1,8200000000,81188000,https://divar.ir/v/AZi5BAoD
63,1393,2,3,1,1,1,4700000000,74603000,https://divar.ir/v/AZi5BcYR
45,1387,1,4,1,1,0,4500000000,100000000,https://divar.ir/v/AZi5QMEI
85,1386,2,3,1,1,1,6300000000,74117000,https://divar.ir/v/AZhhPy_v
80,1393,2,3,1,0,1,6800000000,85000000,https://divar.ir/v/AZiJAFlX
52,1386,1,2,1,1,1,4200000000,80769000,https://divar.ir/v/AZhxfdCC
70,1402,1,1,1,1,1,5050000000,72142000,https://divar.ir/v/AZTR4XlP
81,1402,2,5,1,1,1,9700000000,119753000,https://divar.ir/v/AZKJiWmB
160,1397,3,5,1,1,1,22500000000,140625000,https://divar.ir/v/AZhhvfhN
115,1393,2,4,1,1,1,10500000000,91304000,https://divar.ir/v/AZTRXSOi
119,1402,2,3,1,1,0,13090000000,110000000,https://divar.ir/v/AZhZP2Ud
70,1397,2,5,1,1,1,6700000000,95714000,https://divar.ir/v/AZhV_5G2
44,1382,1,4,0,0,1,2950000000,67045000,https://divar.ir/v/AZhVPm2T
73,1382,2,4,0,0,1,4900000000,67123000,https://divar.ir/v/AZh16WQY
116,1390,3,1,1,1,1,11500000000,99137000,https://divar.ir/v/AZK5zlBE
113,1401,2,5,1,1,0,9606000000,85008000,https://divar.ir/v/AZSJi51C
114,1391,3,1,1,1,1,9800000000,85964000,https://divar.ir/v/AZexW2Ty
72,1391,2,2,0,0,1,6500000000,90277000,https://divar.ir/v/AZhtuYIn
165,1402,3,2,1,1,1,18000000000,109090000,https://divar.ir/v/AZhxevEJ
85,1382,2,5,1,1,1,6790000000,79882000,https://divar.ir/v/AZa1W6jp
60,1382,1,1,0,0,0,3900000000,65000000,https://divar.ir/v/AZhduvY7
82,1401,2,4,1,1,1,10100000000,123170000,https://divar.ir/v/AZhVeXt_
60,1379,1,2,0,1,0,4220000000,70333000,https://divar.ir/v/AZhVeGT-
128,1387,2,1,1,1,1,11000000000,85937000,https://divar.ir/v/AZhF-fvr
135,1398,2,1,1,1,1,12200000000,90370000,https://divar.ir/v/AZh1dLEU
150,1398,3,4,1,1,1,12150000000,81000000,https://divar.ir/v/AZhldgD6
50,1386,1,3,0,0,0,2500000000,50000000,https://divar.ir/v/AZeJY5mi
54,1385,1,2,1,1,1,5600000000,103703000,https://divar.ir/v/AZhldl58
105,1396,2,5,1,1,1,9785000000,93190000,https://divar.ir/v/AZhl9SBs
165,1402,3,4,1,1,1,18150000000,110000000,https://divar.ir/v/AZJRlMZb
113,1383,2,1,0,0,1,9017400000,79800000,https://divar.ir/v/AZaBGGxR
76,1390,2,1,0,0,1,5999000000,78934000,https://divar.ir/v/AZhVNWb4
85,1399,2,3,1,1,1,10500000000,123529000,https://divar.ir/v/AZhRdtkv
155,1401,3,2,1,1,1,19600000000,126451000,https://divar.ir/v/AZh9caGG
108,1400,2,1,1,1,1,10250000000,94907000,https://divar.ir/v/AZMdcipl
98,1375,2,3,1,1,1,7700000000,78571000,https://divar.ir/v/AZY5IxKM
175,1398,3,3,1,1,1,18500000000,105714000,https://divar.ir/v/AZhRM0ry
47,1381,1,1,0,1,1,3600000000,76595000,https://divar.ir/v/AZhdbKQq
105,1392,2,5,1,1,1,8900000000,84761000,https://divar.ir/v/AZhNVqQc
120,1397,2,5,1,1,1,10800000000,90000000,https://divar.ir/v/AZRVTx7V
100,1396,2,3,1,1,1,9000000000,90000000,https://divar.ir/v/AZaVwMXh
166,1401,3,5,1,1,1,16600000000,100000000,https://divar.ir/v/AZhFE2Qf
138,1380,2,1,0,1,1,11000000000,79710000,https://divar.ir/v/AZhxjRwa
113,1401,2,5,1,1,0,9600000000,84955000,https://divar.ir/v/AZb5qPYd
85,1381,2,4,0,1,1,4900000000,57647000,https://divar.ir/v/AZX9mJvc
65,1380,1,4,0,0,1,3450000000,53076000,https://divar.ir/v/AZg1fEme
78,1394,2,3,1,1,1,6630000000,85000000,https://divar.ir/v/AZhBA9KV
59,1380,1,4,0,0,1,3540000000,60000000,https://divar.ir/v/AZhBgqN2
95,1393,2,5,1,1,1,8000000000,84210000,https://divar.ir/v/AZg9vXVf
164,1397,3,5,1,1,0,21320000000,130000000,https://divar.ir/v/AZgtv2pn
87,1385,2,2,1,0,1,8100000000,93103000,https://divar.ir/v/AZgdfw-a
55,1385,1,2,1,1,1,4600000000,83636000,https://divar.ir/v/AZTRmKcI
52,1382,1,1,1,0,0,3900000000,75000000,https://divar.ir/v/AZgNvjlj
79,1386,2,1,1,0,1,5650000000,71518000,https://divar.ir/v/AZH5--bS
64,1402,2,2,1,0,1,5250000000,82031000,https://divar.ir/v/AZYlIimr
104,70,2,4,0,1,0,4600000000,44230000,https://divar.ir/v/AZgNvcMo
80,1397,2,5,1,1,1,7360000000,92000000,https://divar.ir/v/AZg1eqEP
126,1402,3,1,1,1,1,13400000000,106349000,https://divar.ir/v/AZRRDg2J
125,1401,3,5,1,1,1,13200000000,105600000,https://divar.ir/v/AZRxxzIT
145,1394,3,5,1,1,1,14500000000,100000000,https://divar.ir/v/AZgdeMTX
46,1382,1,3,1,0,1,3100000000,67391000,https://divar.ir/v/AZgheLZS
135,1382,3,3,0,1,1,8000000000,59259000,https://divar.ir/v/AZgZursb
63,1380,1,2,0,1,1,5355000000,85000000,https://divar.ir/v/AZYJf69d
75,1385,1,3,1,0,0,5000000000,66666000,https://divar.ir/v/AZg5Nm5e
65,1394,2,3,1,1,1,4700000000,72307000,https://divar.ir/v/AZg5Neh9
62,1380,2,4,0,0,1,3700000000,59677000,https://divar.ir/v/AZgldI_z
164,1401,3,5,1,1,1,20000000000,121951000,https://divar.ir/v/AZPd25Om
110,1391,2,3,1,1,1,6900000000,62727000,https://divar.ir/v/AZgR93ET
75,1388,1,3,1,0,1,5000000000,66666000,https://divar.ir/v/AZgB92EN
59,1381,1,2,0,1,1,4250000000,72033000,https://divar.ir/v/AZbZfTU3
152,1382,3,1,0,1,1,12190000000,80197000,https://divar.ir/v/AZcFZYCX
65,1390,2,3,1,1,1,4700000000,72307000,https://divar.ir/v/AZg5s1pp
98,1381,2,3,0,1,1,7000000000,71428000,https://divar.ir/v/AZb9UO07
77,1395,2,2,1,1,0,6500000000,84415000,https://divar.ir/v/AZgdMq6m
79,1387,2,4,1,1,1,7380000000,93417000,https://divar.ir/v/AZgBcVgF
92,1401,2,5,1,1,1,9200000000,100000000,https://divar.ir/v/AZgt7vRM
81,1371,2,1,0,1,0,6200000000,76543000,https://divar.ir/v/AZPV8FZB
106,1392,2,2,1,1,1,9200000000,86792000,https://divar.ir/v/AZgVLrbo
70,1387,1,5,1,0,1,5100000000,72857000,https://divar.ir/v/AZgdqi2G
60,1383,1,4,1,1,1,4600000000,76666000,https://divar.ir/v/AZgVbhpG
104,70,2,3,0,1,0,4500000000,43269000,https://divar.ir/v/AZgBrobp
50,1384,1,3,0,1,1,3650000000,73000000,https://divar.ir/v/AZg5qtMa
75,1382,2,2,0,1,1,6100000000,81333000,https://divar.ir/v/AZg1qxgS
164,1400,3,5,1,1,1,21300000000,129878000,https://divar.ir/v/AZgl6c-O
145,1372,3,4,0,1,1,8500000000,58620000,https://divar.ir/v/AZfxkH4g
142,1401,3,3,1,1,1,13490000000,95000000,https://divar.ir/v/AZgN66kv
79,1384,2,1 از ۵,1,1,1,6715000000,85000000,https://divar.ir/v/AZgJ6q7R
202,1400,3,2,1,1,1,30000000000,148514000,https://divar.ir/v/AZgBKwNx
81,1401,2,6,1,1,1,8000000000,98765000,https://divar.ir/v/AZPFa4ED
120,1402,2,2,1,1,1,10800000000,90000000,https://divar.ir/v/AZgBKHFC
145,1392,3,1,1,1,1,12330000000,85034000,https://divar.ir/v/AZg5p4nR
115,1394,2,4,1,1,1,10000000000,86956000,https://divar.ir/v/AZcd54FX
145,1401,3,1,1,1,0,16350000000,112758000,https://divar.ir/v/AZgx51iI
90,1402,2,3,1,1,1,10800000000,120000000,https://divar.ir/v/AZgxp1px
84,1389,2,1 از ۴,0,0,1,6000000000,71428000,https://divar.ir/v/AZgxZX32
74,1398,2,2,1,1,1,7200000000,97297000,https://divar.ir/v/AZgtpECW
50,1380,1,3,0,1,1,3680000000,73600000,https://divar.ir/v/AZglpI1u
77,1400,2,1,1,1,1,7650000000,99350000,https://divar.ir/v/AZTxJNuW
75,1382,2,4,0,0,1,4070000000,54266000,https://divar.ir/v/AZgJ5k9R
142,1392,3,5,1,1,1,15000000000,105633000,https://divar.ir/v/AZgJJQih
93,1401,2,1,1,1,1,9300000000,100000000,https://divar.ir/v/AZgFpnDG
63,1392,2,3,1,1,1,5350000000,84920000,https://divar.ir/v/AZg1YoUn
141,1390,3,1,1,1,0,11000000000,78014000,https://divar.ir/v/AZgpoXhA
74,1383,1,3,1,0,1,5100000000,68918000,https://divar.ir/v/AZghYVmT
63,1391,2,3,1,1,1,4700000000,74603000,https://divar.ir/v/AZgd4liC
42,1379,1,1,0,0,1,2800000000,66666000,https://divar.ir/v/AZgdIK_o
28,1380,0,1 از ۳,0,0,0,2200000000,78571000,https://divar.ir/v/AZgtnmsl
100,1390,2,3,1,1,1,8700000000,87000000,https://divar.ir/v/AZgVoh4N
75,1386,1,3,1,0,1,5000000000,66666000,https://divar.ir/v/AZgJIM6v
80,1385,2,1,1,1,1,6800000000,85000000,https://divar.ir/v/AZgFYyLK
85,1394,2,1,1,1,1,7900000000,92941000,https://divar.ir/v/AZg93ueN
90,1382,2,2,0,1,1,6600000000,73333000,https://divar.ir/v/AZXpE957
70,1386,2,1,1,0,1,4900000000,70000000,https://divar.ir/v/AZJVwaZP
42,1383,1,3,0,1,1,3400000000,80952000,https://divar.ir/v/AZgxX5Zd
46,1387,1,3,0,0,1,3600000000,78260000,https://divar.ir/v/AZglHsd3
75,1396,2,2,1,1,0,6500000000,86666000,https://divar.ir/v/AZfR1EIW
60,1384,1,4,1,1,1,4600000000,76666000,https://divar.ir/v/AZfVVpWw
74,1399,2,3,1,1,1,7150000000,96621000,https://divar.ir/v/AZgVHv7B
156,1401,3,2,1,1,1,19900000000,127564000,https://divar.ir/v/AZgpC4Um
90,1390,2,5,1,1,1,8100000000,90000000,https://divar.ir/v/AZfRuFfr
90,1396,2,6,1,1,1,8550000000,95000000,https://divar.ir/v/AZftMb2m
122,1401,3,2,1,1,1,12810000000,105000000,https://divar.ir/v/AZfpMV5t
172,70,4,2,0,0,1,10400000000,60465000,https://divar.ir/v/AZfhsNiO
77,1397,2,2,1,1,0,6500000000,84415000,https://divar.ir/v/AZfdsBWr
190,1401,3,6,1,1,1,28500000000,150000000,https://divar.ir/v/AZfNc8VT
61,1383,1,3,1,0,1,3600000000,59016000,https://divar.ir/v/AZfRcbvR
60,1377,2,3,0,0,1,3500000000,58333000,https://divar.ir/v/AZfJsbLJ
60,1374,1,4,1,1,1,4500000000,75000000,https://divar.ir/v/AZf9bxDr
50,1383,1,3,0,1,1,3700000000,74000000,https://divar.ir/v/AZf9rLBf
79,1390,2,2,1,0,1,5000000000,63291000,https://divar.ir/v/AZf1L0Td
50,1382,1,1,0,0,1,3400000000,68000000,https://divar.ir/v/AZRtCKJC
165,1402,3,4,1,1,1,18100000000,109696000,https://divar.ir/v/AZW52Ard
110,1401,2,2,1,1,0,9900000000,90000000,https://divar.ir/v/AZf9KlAe
98,1399,2,4,1,1,1,13000000000,132653000,https://divar.ir/v/AZfFb4YO
121,1402,3,2,1,1,1,12705000000,105000000,https://divar.ir/v/AZfxKY0u
142,1391,3,5,1,1,1,15000000000,105633000,https://divar.ir/v/AZf5aFOy
96,1399,2,1,1,1,1,10600000000,110416000,https://divar.ir/v/AZfdqqiC
80,1388,2,3,0,0,1,5400000000,67500000,https://divar.ir/v/AZOpClh1
45,1385,1,4,0,0,1,3250000000,72222000,https://divar.ir/v/AZfN4pti
80,1397,2,5,1,1,1,7360000000,92000000,https://divar.ir/v/AZfVqSTk
80,1385,2,5,1,1,1,7380000000,92250000,https://divar.ir/v/AZfJ6yip
55,1392,2,1,0,0,1,4300000000,78181000,https://divar.ir/v/AZfJ6xcM
103,70,2,1,0,1,1,10300000000,100000000,https://divar.ir/v/AZflpOsm
135,1398,2,1,1,1,1,12100000000,89629000,https://divar.ir/v/AZfdZDDN
90,1400,2,3,1,1,1,10500000000,116666000,https://divar.ir/v/AZKJqbqq
124,1400,2,2,1,1,0,11500000000,92741000,https://divar.ir/v/AZahVNWt
117,1393,3,3,1,1,1,10970000000,93760000,https://divar.ir/v/AZf949q8
53,1386,1,4,0,1,1,3500000000,66037000,https://divar.ir/v/AZft4UGK
77,1397,2,2,1,1,1,6500000000,84415000,https://divar.ir/v/AZfVI7xR
77,1396,2,2,1,1,0,6500000000,84415000,https://divar.ir/v/AZfN4rs8
112,1397,2,4,1,1,1,9500000000,84821000,https://divar.ir/v/AZfBIN1a
92,1380,2,4,0,1,1,7000000000,76086000,https://divar.ir/v/AZf9HKz7
46,1382,1,3,0,1,0,3300000000,71739000,https://divar.ir/v/AZftH0n-
45,1398,1,4,1,1,0,4550000000,101111000,https://divar.ir/v/AZfhHK8o
193,1401,3,3,1,1,0,17370000000,90000000,https://divar.ir/v/AZfZnr14
52,1385,1,1,0,0,1,3480000000,66923000,https://divar.ir/v/AZfRnj_k
80,1388,2,3,0,1,1,5750000000,71875000,https://divar.ir/v/AZf1WQHX
80,1386,2,5,1,1,1,7400000000,92500000,https://divar.ir/v/AZfZFh24
62,1387,1,4,1,0,1,4650000000,75000000,https://divar.ir/v/AZfxGmhU
90,1400,2,2,1,1,0,9000000000,100000000,https://divar.ir/v/AZftmoZi
175,1398,3,5,1,1,1,15750000000,90000000,https://divar.ir/v/AZfh2esg
56,1380,1,4,0,0,1,4400000000,78571000,https://divar.ir/v/AZfZG_3T
58,1380,1,2,0,1,1,4250000000,73275000,https://divar.ir/v/AZXZGrzp
120,1399,2,3,1,1,1,9000000000,75000000,https://divar.ir/v/AZfFGggk
99,1384,2,4,1,1,1,9000000000,90909000,https://divar.ir/v/AZfBG3VH
56,1385,1,1,0,0,0,3700000000,66071000,https://divar.ir/v/AZfBWiCV
162,1400,3,6,1,1,1,21060000000,130000000,https://divar.ir/v/AZf5VrUq
92,1401,2,2,1,1,1,6580000000,71521000,https://divar.ir/v/AZcBrzoD
93,1384,2,1,0,1,1,8500000000,91397000,https://divar.ir/v/AZfZFhxV
54,1384,1,3,1,0,1,3700000000,68518000,https://divar.ir/v/AZbNtczR
29,1383,0,1,0,0,0,1950000000,67241000,https://divar.ir/v/AZfRFSqM
77,1394,2,1,1,1,1,6750000000,87662000,https://divar.ir/v/AZfNV0K2
80,1402,2,2,1,1,1,7500000000,93750000,https://divar.ir/v/AZfNVnvD
80,1383,2,2,0,0,1,6980000000,87250000,https://divar.ir/v/AZXx1wtm
142,1392,3,5,1,1,1,14900000000,104929000,https://divar.ir/v/AZW5Fjly
145,1400,3,3,1,1,1,12700000000,87586000,https://divar.ir/v/AZINQZoX
68,1401,2,2,1,1,0,6390000000,93970000,https://divar.ir/v/AZftk8mw
150,1401,3,1,1,1,0,13400000000,89333000,https://divar.ir/v/AZflko-V
45,1389,1,1,1,0,1,3500000000,77777000,https://divar.ir/v/AZfdUfbL
60,1399,2,2,1,1,1,5700000000,95000000,https://divar.ir/v/AZddxiXa
140,1390,3,4,1,1,1,14000000000,100000000,https://divar.ir/v/AZfV0xKX
87,1377,2,1,0,0,1,5000000000,57471000,https://divar.ir/v/AZfNkV6q
113,1401,2,2,1,1,0,9600000000,84955000,https://divar.ir/v/AZfFkVBf
65,1380,1,2,1,0,1,4500000000,69230000,https://divar.ir/v/AZfNUamd
165,1402,3,2,1,1,1,17600000000,106666000,https://divar.ir/v/AZahVGov
98,1385,2,4,1,1,1,9800000000,100000000,https://divar.ir/v/AZfF0LQL
68,1383,1,4,0,0,1,4650000000,68382000,https://divar.ir/v/AZfBExjU
185,1387,3,1,1,1,1,18500000000,100000000,https://divar.ir/v/AZf9TSn4
110,1393,2,4,1,1,1,9600000000,87272000,https://divar.ir/v/AZf9j8is
71,1387,2,4,0,0,1,4900000000,69014000,https://divar.ir/v/AZf1Tkhb
90,1387,2,4,0,1,1,5850000000,65000000,https://divar.ir/v/AZfxzuiF
105,1402,2,6,1,1,1,12600000000,120000000,https://divar.ir/v/AZfpDzhj
115,1400,3,5,1,1,1,14500000000,126086000,https://divar.ir/v/AZOpqqn_
172,1398,3,3,1,1,1,18000000000,104651000,https://divar.ir/v/AZHRvA8L
180,1399,3,4,1,1,1,21600000000,120000000,https://divar.ir/v/AZPJIGQC
112,1401,2,6,1,1,1,11200000000,100000000,https://divar.ir/v/AZaFRpH6
75,1388,1,3,1,0,1,5000000000,66666000,https://divar.ir/v/AZbVtJJT
78,1398,2,1,1,1,1,6700000000,85897000,https://divar.ir/v/AZbRXZ9Z
106,1382,3,4,1,0,1,8500000000,80188000,https://divar.ir/v/AZKxZO7a
86,1382,2,3,0,1,1,6000000000,69767000,https://divar.ir/v/AZfRjTuJ
59,1401,1,2,1,0,1,5200000000,88135000,https://divar.ir/v/AZSNwkc_
80,1380,2,4,0,0,1,4240000000,53000000,https://divar.ir/v/AZXB2Dsq
58,1381,1,زیر1 از ۴,0,0,1,3500000000,60344000,https://divar.ir/v/AZRFEoxA
42,1382,1,3,0,1,1,3400000000,80952000,https://divar.ir/v/AZfByVwa
83,1399,2,1,1,1,1,7250000000,87349000,https://divar.ir/v/AZf5RuQj
193,1382,3,4,1,1,1,16400000000,84974000,https://divar.ir/v/AZelaCBd
67,1397,2,2,1,1,1,6365000000,95000000,https://divar.ir/v/AZehZEK6
64,1385,1,4,1,1,1,4990000000,77968000,https://divar.ir/v/AZbJ9oVa
66,1382,1,4,0,0,1,4650000000,70454000,https://divar.ir/v/AZexnGjb
87,1382,2,1,0,0,1,5000000000,57471000,https://divar.ir/v/AZep3qle
65,1382,1,4,0,1,0,5395000000,83000000,https://divar.ir/v/AZehWqbL
82,1380,2,1,0,1,1,6833000000,83329000,https://divar.ir/v/AZe9FG9K
116,1400,2,4,1,1,1,13340000000,115000000,https://divar.ir/v/AZed0hEj
60,1380,2,1 از ۳,0,0,0,3800000000,63333000,https://divar.ir/v/AZPlbqEd
125,1402,3,1,1,1,1,13500000000,108000000,https://divar.ir/v/AZeJDjw0
55,1400,2,2,1,1,0,6000000000,109090000,https://divar.ir/v/AZeBjFT7
112,1390,3,2,1,0,1,9430000000,84196000,https://divar.ir/v/AZeNh1Rg
53,1385,1,4,1,0,1,5500000000,103773000,https://divar.ir/v/AZe9QI5W
50,1384,1,3,0,0,0,3100000000,62000000,https://divar.ir/v/AZeVgWXd
58,1380,1,4,0,0,0,3900000000,67241000,https://divar.ir/v/AZhgstSG
100,1381,2,3,0,1,1,7200000000,72000000,https://divar.ir/v/AZddfdfu
50,1386,1,1,0,0,1,3500000000,70000000,https://divar.ir/v/AZdFv-0u
110,1397,2,4,1,1,1,8800000000,80000000,https://divar.ir/v/AZYtK0NR
157,1402,3,3,1,1,1,18840000000,120000000,https://divar.ir/v/AZdVuGan
200,1397,3,4,1,1,1,26000000000,130000000,https://divar.ir/v/AZKRhQsH
134,70,3,2,0,0,1,4623000000,34500000,https://divar.ir/v/AZd5MD6S
89,1379,2,1,0,1,1,5450000000,61235000,https://divar.ir/v/AZdF8-g3
70,1398,1,1,1,0,1,6800000000,97142000,https://divar.ir/v/AZdZSK0N
180,1392,3,2,1,1,1,15800000000,87777000,https://divar.ir/v/AZdRiooP
112,1385,2,1,1,1,1,9500000000,84821000,https://divar.ir/v/AZdRSAl1
105,1382,1,4,0,1,1,5400000000,51428000,https://divar.ir/v/AZd9xUvZ
105,1392,2,5,1,1,0,8750000000,83333000,https://divar.ir/v/AZd5Rgbj
145,1380,3,4,0,1,1,8400000000,57931000,https://divar.ir/v/AZYxaRY7
166,1371,3,2,0,1,1,10690000000,64397000,https://divar.ir/v/AZdlh6kk
87,1394,2,4,1,1,1,8800000000,101149000,https://divar.ir/v/AZdNRBpU
53,1394,1,2,1,1,1,4420000000,83396000,https://divar.ir/v/AZdRRqcm
60,1399,2,2,1,1,1,5700000000,95000000,https://divar.ir/v/AZdRxJaw
60,1398,2,2,1,1,1,5700000000,95000000,https://divar.ir/v/AZdJBaPo
103,1392,2,5,1,1,0,8750000000,84951000,https://divar.ir/v/AZdpwR6x
62,1399,2,2,1,1,1,5700000000,91935000,https://divar.ir/v/AZc1Pwrz
165,1399,3,5,1,1,1,21320000000,129212000,https://divar.ir/v/AZcl_X8D
70,1386,2,2,1,1,1,6200000000,88571000,https://divar.ir/v/AZc1eopl
129,1385,2,1,1,1,1,10580000000,82015000,https://divar.ir/v/AZch-tLA
56,1384,1,3,1,0,1,3800000000,67857000,https://divar.ir/v/AZcV-C9o
54,1383,1,3,1,0,1,4000000000,74074000,https://divar.ir/v/AZcpd1LJ
58,1382,1,4,0,0,1,3200000000,55172000,https://divar.ir/v/AZZxSNr4
57,1382,1,1,0,1,1,4200000000,73684000,https://divar.ir/v/AZchMlZ1
55,1396,1,4,1,0,1,4370000000,79454000,https://divar.ir/v/AZchs4EY
65,1390,2,3,0,1,1,5100000000,78461000,https://divar.ir/v/AZc97XWY
140,1398,3,3,1,1,1,8390000000,59928000,https://divar.ir/v/AZQhO7u0
55,1390,1,1,0,1,1,4950000000,90000000,https://divar.ir/v/AZKRS3zY
60,1380,1,2,1,0,1,4500000000,75000000,https://divar.ir/v/AZYhZx3L
56,1386,1,2,1,1,1,4700000000,83928000,https://divar.ir/v/AZXB37tc
128,1400,3,1,1,1,1,12400000000,96875000,https://divar.ir/v/AZOFxmF6
96,1394,2,5,1,1,1,8200000000,85416000,https://divar.ir/v/AZcRrSBb
108,1385,2,3,1,1,1,11880000000,110000000,https://divar.ir/v/AZcNLPPy
175,1400,3,4,1,1,1,21000000000,120000000,https://divar.ir/v/AZOJDopb
65,1385,1,3,1,0,1,5100000000,78461000,https://divar.ir/v/AZcdqB8D
70,1383,3,1,0,1,1,5090000000,72714000,https://divar.ir/v/AZOdhULK
56,1382,1,3,1,0,1,4000000000,71428000,https://divar.ir/v/AZcBb0rL
161,1401,3,4,1,1,1,21000000000,130434000,https://divar.ir/v/AZOtCJBl
112,1401,2,2,1,1,1,12000000000,107142000,https://divar.ir/v/AZc5qbTl
50,1388,2,3,0,0,1,3630000000,72600000,https://divar.ir/v/AZc1K2Bp
106,1382,2,4,1,1,1,9100000000,85849000,https://divar.ir/v/AZcx6VCE
56,1387,1,3,1,0,1,3800000000,67857000,https://divar.ir/v/AZclahWF
174,1398,3,3,1,1,1,17400000000,100000000,https://divar.ir/v/AZIF9N35
60,1380,1,1,0,0,0,3900000000,65000000,https://divar.ir/v/AZVZOkVH
60,1386,2,3,0,1,1,5100000000,85000000,https://divar.ir/v/AZcdKOOn
107,1402,2,2,1,1,0,11500000000,107476000,https://divar.ir/v/AZcV6ssN
76,1385,2,3,1,0,1,5320000000,70000000,https://divar.ir/v/AZcRKEYF
61,1380,1,4,1,1,1,4990000000,81803000,https://divar.ir/v/AZcFq2cD
92,1388,2,1,1,1,1,7636000000,83000000,https://divar.ir/v/AZcFKv-C
60,1386,2,3,0,1,1,5100000000,85000000,https://divar.ir/v/AZc5J4sj
90,1396,2,6,1,1,1,8550000000,95000000,https://divar.ir/v/AZcxJv5O
65,1402,2,1,1,1,1,6100000000,93846000,https://divar.ir/v/AZP9cuK4
70,1401,1,2,1,1,1,7400000000,105714000,https://divar.ir/v/AZctZSZn
88,1388,2,5,1,1,1,9000000000,102272000,https://divar.ir/v/AZcxpDjj
59,1385,2,2,0,1,1,5000000000,84745000,https://divar.ir/v/AZUR8vBr
68,1380,1,1,1,0,1,4800000000,70588000,https://divar.ir/v/AZcdJutk
109,1401,2,1,1,1,1,9990000000,91651000,https://divar.ir/v/AZKZo2Ep
79,1387,2,1,1,0,1,5600000000,70886000,https://divar.ir/v/AZcVJnBg
143,1391,3,5,1,1,1,15100000000,105594000,https://divar.ir/v/AZcRppIv
148,1402,3,6,1,1,1,13700000000,92567000,https://divar.ir/v/AZXBLrxX
135,1399,2,3,1,1,1,12000000000,88888000,https://divar.ir/v/AZcF5iVK
104,1401,2,4,1,1,1,11200000000,107692000,https://divar.ir/v/AZcxYiC5
67,1401,2,2,1,1,1,7000000000,104477000,https://divar.ir/v/AZcBoUSU
110,1401,2,6,1,1,1,10450000000,95000000,https://divar.ir/v/AZadAjmh
50,1377,1,3,0,0,1,3400000000,68000000,https://divar.ir/v/AZa5TBMd
117,1398,2,5,1,1,0,10200000000,87179000,https://divar.ir/v/AZOR6q_G
53,1385,1,4,0,1,1,3580000000,67547000,https://divar.ir/v/AZbpNDLl
52,1381,1,2,0,0,0,3200000000,61538000,https://divar.ir/v/AZZFA1ql
54,1384,1,3,1,0,1,3800000000,70370000,https://divar.ir/v/AZbFd0vN
107,1388,2,3,1,1,1,9100000000,85046000,https://divar.ir/v/AZbBttCd
113,1401,2,5,1,1,0,9600000000,84955000,https://divar.ir/v/AZbtsTMe
62,1390,1,3,1,0,1,3800000000,61290000,https://divar.ir/v/AZbZsQ6J
186,1402,3,3,1,1,1,24500000000,131720000,https://divar.ir/v/AZb9raAy
113,1401,2,2,1,1,0,9700000000,85840000,https://divar.ir/v/AZbl7NOo
97,1402,2,2,1,1,0,11150000000,114948000,https://divar.ir/v/AZbhLlNz
125,1402,2,5,1,1,0,10625000000,85000000,https://divar.ir/v/AZbh1U2O
115,1399,2,3,1,1,1,10350000000,90000000,https://divar.ir/v/AZbVLbdR
57,1385,1,2,1,0,1,4560000000,80000000,https://divar.ir/v/AZbJLifG
96,1402,2,2,1,1,1,10080000000,105000000,https://divar.ir/v/AZbFLJH4
57,1382,1,2,1,0,1,3700000000,64912000,https://divar.ir/v/AZbBLEXl
174,1399,3,3,1,1,1,19140000000,110000000,https://divar.ir/v/AZR5hrSP
85,1401,2,1,1,1,1,9350000000,110000000,https://divar.ir/v/AZbx5VpJ
90,1380,2,4,0,1,1,5950000000,66111000,https://divar.ir/v/AZbx5WI0
152,1389,3,2,1,1,1,14600000000,96052000,https://divar.ir/v/AZTVWsY_
50,1382,1,1,0,0,1,3450000000,69000000,https://divar.ir/v/AZaplQI_
42,1382,1,2,0,1,1,3700000000,88095000,https://divar.ir/v/AZbV5Zv3
90,1395,2,6,1,1,1,8550000000,95000000,https://divar.ir/v/AZbN3aBb
50,1385,1,3,0,0,1,3200000000,64000000,https://divar.ir/v/AZZ9egDr
90,1395,2,6,1,1,1,8550000000,95000000,https://divar.ir/v/AZbRGmk-
85,1385,2,1,0,1,1,6200000000,72941000,https://divar.ir/v/AZbJWM18
58,1384,1,2,0,1,1,4350000000,75000000,https://divar.ir/v/AZbdFmPq
65,1382,1,4,0,1,1,5395000000,83000000,https://divar.ir/v/AZRpucT9
100,1398,2,4,1,1,1,12500000000,125000000,https://divar.ir/v/AZWBAJuH
104,1399,2,3,1,1,1,8990000000,86442000,https://divar.ir/v/AZbR1GGk
60,1390,1,3,1,0,1,3800000000,63333000,https://divar.ir/v/AZb900X0
120,1402,3,4,1,1,1,13200000000,110000000,https://divar.ir/v/AZWBy9GW
193,1390,3,4,1,1,1,19300000000,100000000,https://divar.ir/v/AZb5EhSc
50,1385,1,3,0,1,1,3700000000,74000000,https://divar.ir/v/AZPdVw_Y
67,1401,2,1,1,0,1,5370000000,80149000,https://divar.ir/v/AZbx01tD
157,1402,3,3,1,1,0,18850000000,120063000,https://divar.ir/v/AZb1ESZP
53,1395,1,2,1,1,0,4350000000,82075000,https://divar.ir/v/AZb1EvcJ
127,1395,2,3,1,1,1,13715000000,107992000,https://divar.ir/v/AZbpEVFc
77,1395,2,2,1,1,1,6930000000,90000000,https://divar.ir/v/AZbhkQla
150,1400,3,6,1,1,1,16200000000,108000000,https://divar.ir/v/AZbREuca
80,1402,2,3,1,1,1,7500000000,93750000,https://divar.ir/v/AZZlvlUh
95,1385,2,4,0,1,1,5828000000,61347000,https://divar.ir/v/AZZ5fYx4
45,1399,1,4,1,1,0,4550000000,101111000,https://divar.ir/v/AZVRjcHX
123,1401,3,2,1,1,1,12600000000,102439000,https://divar.ir/v/AZb9zz5K
88,1389,2,5,1,1,1,9100000000,103409000,https://divar.ir/v/AZb9zBrW
147,1402,3,4,1,1,1,18375000000,125000000,https://divar.ir/v/AZb1jLXk
57,1389,1,3,1,0,1,3800000000,66666000,https://divar.ir/v/AZQlt-9S
97,1380,2,4,0,1,1,6400000000,65979000,https://divar.ir/v/AZLxNUqV
100,1393,2,1,1,1,1,10000000000,100000000,https://divar.ir/v/AZbxTejf
50,1382,1,1,0,0,1,3600000000,72000000,https://divar.ir/v/AZPBdfYD
147,1402,3,3,1,1,1,18375000000,125000000,https://divar.ir/v/AZbljDZM
142,1390,3,5,1,1,1,15000000000,105633000,https://divar.ir/v/AZbNB_E5
51,1386,1,1,0,0,1,3550000000,69607000,https://divar.ir/v/AZa1FYqE
180,1388,3,2,1,1,1,16000000000,88888000,https://divar.ir/v/AZaZooKn
97,1388,2,3,1,0,1,8000000000,82474000,https://divar.ir/v/AZY16sXp
148,1402,3,6,1,1,1,13600000000,91891000,https://divar.ir/v/AZapG-F7
50,1385,1,3,0,0,0,3750000000,75000000,https://divar.ir/v/AZap2OwO
60,1388,1,2,1,1,1,4900000000,81666000,https://divar.ir/v/AZapGm8L
90,1380,2,4,0,1,1,5300000000,58888000,https://divar.ir/v/AZaR20-f
165,1402,3,1,1,1,0,18150000000,110000000,https://divar.ir/v/AZa9laLo
82,1385,2,4,1,1,1,7400000000,90243000,https://divar.ir/v/AZa9lZzd
80,1400,2,4,1,1,0,10200000000,127500000,https://divar.ir/v/AZa5VhEB
102,1385,2,1,1,1,1,8600000000,84313000,https://divar.ir/v/AZa1FpKU
100,1396,2,3,1,1,0,7400000000,74000000,https://divar.ir/v/AZallE6M
107,1387,2,3,1,1,1,9300000000,86915000,https://divar.ir/v/AZad1ozH
67,1380,2,2,0,0,1,4500000000,67164000,https://divar.ir/v/AZaZFr5a
50,1382,1,3,0,0,0,3200000000,64000000,https://divar.ir/v/AZaNVTnf
112,1402,2,6,1,1,1,12320000000,110000000,https://divar.ir/v/AZaJ1zZH
71,1378,2,3,0,0,1,4970000000,70000000,https://divar.ir/v/AZaJFPrR
76,1382,1,2,0,1,1,5500000000,72368000,https://divar.ir/v/AZaJFOoq
205,1401,3,4,1,1,1,22550000000,110000000,https://divar.ir/v/AZa90r8x
115,1402,2,6,1,1,1,14900000000,129565000,https://divar.ir/v/AZa5EBUY
185,1402,3,3,1,1,1,24050000000,130000000,https://divar.ir/v/AZa1kk_Y
80,1401,2,2,1,1,1,7500000000,93750000,https://divar.ir/v/AZa50Rl5
120,1402,3,4,1,1,1,13800000000,115000000,https://divar.ir/v/AZWFCn0p
52,1385,1,3,0,0,1,3200000000,61538000,https://divar.ir/v/AZa1U3BN
185,1401,3,3,1,1,1,29600000000,160000000,https://divar.ir/v/AZaxkBOn
185,1401,3,3,1,1,1,24000000000,129729000,https://divar.ir/v/AZahkLho
86,1386,2,1,0,0,1,6450000000,75000000,https://divar.ir/v/AZTVJl1D
107,1383,2,2,1,1,1,9150000000,85514000,https://divar.ir/v/AZaZEf5Y
80,1402,2,3,1,1,1,7500000000,93750000,https://divar.ir/v/AZaVzOl-
60,1402,1,1,1,0,1,4200000000,70000000,https://divar.ir/v/AZaNjlmM
75,1386,2,1,0,0,1,5100000000,68000000,https://divar.ir/v/AZaVzOrI
110,1395,2,4,1,1,1,9500000000,86363000,https://divar.ir/v/AZaJTxhf
76,1383,2,3,1,1,1,6500000000,85526000,https://divar.ir/v/AZaRTcgx
90,1384,2,3,1,1,1,8600000000,95555000,https://divar.ir/v/AZa1iqPX
121,1400,3,2,1,1,1,12100000000,100000000,https://divar.ir/v/AZaRyMuc
116,1390,3,1,1,1,1,11500000000,99137000,https://divar.ir/v/AZZtPrYR
62,1397,1,3,1,1,1,5300000000,85483000,https://divar.ir/v/AZaBicD_
103,1393,2,5,1,1,1,9373000000,91000000,https://divar.ir/v/AZaRx5Zz
92,1392,2,2,1,0,0,8096000000,88000000,https://divar.ir/v/AZQ5L0Fw
80,1372,2,1,0,1,1,6700000000,83750000,https://divar.ir/v/AZaBxDtA
60,1383,1,2,1,0,1,4500000000,75000000,https://divar.ir/v/AZWx1lD7
108,1398,2,5,1,1,1,9500000000,87962000,https://divar.ir/v/AZId9ujo
70,1393,2,2,1,1,1,5040000000,72000000,https://divar.ir/v/AZalAJyz
93,1400,2,1,1,1,1,9580000000,103010000,https://divar.ir/v/AZahAWz1
150,1401,3,5,1,1,1,15000000000,100000000,https://divar.ir/v/AZaFggAD
80,1402,2,3,1,1,1,8800000000,110000000,https://divar.ir/v/AZaJAmMp
61,1385,1,4,0,0,0,4280000000,70163000,https://divar.ir/v/AZaJQ5dj
167,1401,3,3,1,1,1,15000000000,89820000,https://divar.ir/v/AZZ9vAPa
69,1387,2,1,0,0,1,5170000000,74927000,https://divar.ir/v/AZZ5_gE6
50,1385,1,1,0,1,1,3900000000,78000000,https://divar.ir/v/AZZ1PHZA
50,1382,1,1,0,1,1,3900000000,78000000,https://divar.ir/v/AZZt_vIJ
78,1380,1,1,0,0,0,4800000000,61538000,https://divar.ir/v/AZZpvqzq
100,1398,2,3,1,1,0,7500000000,75000000,https://divar.ir/v/AZZlv68f
50,1380,1,1,0,1,1,3900000000,78000000,https://divar.ir/v/AZVJDGYB
105,1402,2,1,1,1,0,10080000000,96000000,https://divar.ir/v/AZZNPijx
80,1387,2,5,1,1,1,7400000000,92500000,https://divar.ir/v/AZZF_2q4
60,1384,1,4,1,0,1,3750000000,62500000,https://divar.ir/v/AZZFPo_J
100,1400,2,4,1,1,1,9900000000,99000000,https://divar.ir/v/AZZ9Ol0X
135,1398,2,1,1,1,1,12300000000,91111000,https://divar.ir/v/AZRlA1ib
93,1401,2,4,1,1,1,11160000000,120000000,https://divar.ir/v/AZZ1uJT4
72,1391,2,2,1,0,1,4300000000,59722000,https://divar.ir/v/AZORhAOl
75,1395,2,3,1,1,0,6300000000,84000000,https://divar.ir/v/AZXZ0FEg
67,1381,1,3,0,1,1,5200000000,77611000,https://divar.ir/v/AZKpDcwy
92,1388,2,1,1,1,1,7250000000,78804000,https://divar.ir/v/AZZFOo5l
80,1385,1,2,0,0,1,5300000000,66250000,https://divar.ir/v/AZZ9ayur
115,1388,3,2,1,0,1,9430000000,82000000,https://divar.ir/v/AZZB3-kW
91,1400,2,5,1,1,0,9000000000,98901000,https://divar.ir/v/AZZpld1Y
74,1383,2,5,1,0,0,6500000000,87837000,https://divar.ir/v/AZZ1kjNZ
115,1397,3,5,1,1,1,7100000000,61739000,https://divar.ir/v/AZZBzqJ9
100,1385,2,5,1,1,1,8700000000,87000000,https://divar.ir/v/AZZ9ihga
60,1384,1,4,0,0,1,3200000000,53333000,https://divar.ir/v/AZZ1SBZI
82,1386,2,2,0,0,1,6600000000,80487000,https://divar.ir/v/AZZVS4fl
80,1402,2,2,1,1,1,7500000000,93750000,https://divar.ir/v/AZZFyxn9
105,1402,2,1,1,1,1,10300000000,98095000,https://divar.ir/v/AZW9Qlrp
89,1380,2,4,0,1,1,5300000000,59550000,https://divar.ir/v/AZJNFCVo
58,1378,1,1,0,0,1,3100000000,53448000,https://divar.ir/v/AZIlOe9X
93,1402,2,1,1,1,1,8900000000,95698000,https://divar.ir/v/AZZVR1s1
195,1400,4,4,1,1,1,29250000000,150000000,https://divar.ir/v/AZZhR5tj
106,1397,2,5,1,1,1,10100000000,95283000,https://divar.ir/v/AZX1rWAh
72,1393,2,3,1,0,1,4270000000,59305000,https://divar.ir/v/AZZFBWwK
50,1380,1,3,0,0,0,2500000000,50000000,https://divar.ir/v/AZZBROjQ
82,1386,2,4,0,0,1,4500000000,54878000,https://divar.ir/v/AZZ9gVTR
84,1395,2,5,1,1,1,7400000000,88095000,https://divar.ir/v/AZYhMMiT
148,1402,3,6,1,1,1,13650000000,92229000,https://divar.ir/v/AZZVQku3
50,1382,1,1,0,1,1,3900000000,78000000,https://divar.ir/v/AZZJQ-j5
145,1392,3,5,1,1,1,15000000000,103448000,https://divar.ir/v/AZZFg43o
85,1388,2,4,0,1,1,5500000000,64705000,https://divar.ir/v/AZZBQ8RI
92,1382,2,2,0,1,1,6600000000,71739000,https://divar.ir/v/AZTdmWOC
86,1384,2,5,1,0,1,6000000000,69767000,https://divar.ir/v/AZYp_Ghv
56,1397,1,1,1,0,0,5250000000,93750000,https://divar.ir/v/AZYpO08H
126,1397,3,3,1,1,1,11800000000,93650000,https://divar.ir/v/AZYh-9QP
43,1381,1,2,0,0,1,3200000000,74418000,https://divar.ir/v/AZYZO4pD
145,1375,3,4,0,1,1,8850000000,61034000,https://divar.ir/v/AZYBeREP
60,1383,1,4,0,1,1,4300000000,71666000,https://divar.ir/v/AZYpd7ja
200,1402,3,6,1,1,1,28000000000,140000000,https://divar.ir/v/AZYlNt84
42,1380,1,0,0,0,1,2650000000,63095000,https://divar.ir/v/AZxo9zHW
53,1385,1,1,0,1,1,4190000000,79056000,https://divar.ir/v/AZYR9DvW
72,1382,2,2,1,1,1,6080000000,84444000,https://divar.ir/v/AZStT2bf
58,1385,1,2,0,1,1,4350000000,75000000,https://divar.ir/v/AZYRM362
42,1386,1,1,0,0,1,3200000000,76190000,https://divar.ir/v/AZYFcxq9
68,1388,2,2,0,1,1,5750000000,84558000,https://divar.ir/v/AZYx7_0H
60,1390,1,2,1,0,1,4500000000,75000000,https://divar.ir/v/AZYB8jKw
95,1384,2,2,0,0,1,6800000000,71578000,https://divar.ir/v/AZYxb5ug
150,1401,3,4,1,1,1,14000000000,93333000,https://divar.ir/v/AZYZKZ7V
56,1395,1,1,1,1,1,4800000000,85714000,https://divar.ir/v/AZYl7a4-
105,1397,2,4,1,0,0,9000000000,85714000,https://divar.ir/v/AZYd7FaZ
85,1373,2,4,0,1,1,5000000000,58823000,https://divar.ir/v/AZYFrnmw
104,1398,2,5,1,1,1,10192000000,98000000,https://divar.ir/v/AZYRb2DV
82,1386,2,4,0,0,1,4500000000,54878000,https://divar.ir/v/AZYFbK31
99,1386,2,2,1,1,1,7800000000,78787000,https://divar.ir/v/AZYp6NrK
81,1385,2,1,0,1,1,6700000000,82716000,https://divar.ir/v/AZYlarrF
70,1382,2,1,1,1,1,5300000000,75714000,https://divar.ir/v/AZS1pRih
100,1393,2,3,1,1,1,12000000000,120000000,https://divar.ir/v/AZOlCrP3
69,1396,2,1,1,0,1,4900000000,71014000,https://divar.ir/v/AZQRbN4E
82,1387,2,2,0,1,1,5700000000,69512000,https://divar.ir/v/AZWRAyHh
63,1382,1,2,0,1,1,5600000000,88888000,https://divar.ir/v/AZRdhHM6
160,1402,3,1,1,1,1,16000000000,100000000,https://divar.ir/v/AZY1Zy1B
84,1396,2,5,1,1,0,7400000000,88095000,https://divar.ir/v/AZWdHM-s
185,1401,3,3,1,1,1,31450000000,170000000,https://divar.ir/v/AZYlJsTq
43,1402,1,3,0,0,1,3500000000,81395000,https://divar.ir/v/AZY54GMo
100,1384,2,5,1,0,1,9000000000,90000000,https://divar.ir/v/AZYNJQFp
84,1402,2,1,1,0,0,6545000000,77916000,https://divar.ir/v/AZYJprB7
165,1392,3,3,1,1,1,15675000000,95000000,https://divar.ir/v/AZY13BV0
53,1381,1,4,1,1,1,4090000000,77169000,https://divar.ir/v/AZWdZjXi
48,1382,2,2,1,0,1,3550000000,73958000,https://divar.ir/v/AZWRJ0oI
68,1401,2,1,1,0,1,8160000000,120000000,https://divar.ir/v/AZYNHRm6
77,1386,2,2,1,1,1,7600000000,98701000,https://divar.ir/v/AZXJbSJD
58,1379,1,4,0,0,1,3500000000,60344000,https://divar.ir/v/AZXhveNN
60,1384,2,2,1,1,1,4500000000,75000000,https://divar.ir/v/AZXJ-vzK
62,1397,1,3,1,1,1,5330000000,85967000,https://divar.ir/v/AZX9N550
52,1381,1,1,0,1,1,4150000000,79807000,https://divar.ir/v/AZWhJptb
110,1402,2,5,1,1,0,10120000000,92000000,https://divar.ir/v/AZXZNffD
135,1401,3,4,1,1,1,12800000000,94814000,https://divar.ir/v/AZXNN5mU
68,1388,2,3,0,1,1,5600000000,82352000,https://divar.ir/v/AZXJNmjP
62,1393,1,1,1,0,1,5146000000,83000000,https://divar.ir/v/AZXxslWy
115,1385,3,2,0,0,1,7500000000,65217000,https://divar.ir/v/AZXNsUXj
70,1387,2,1,1,1,1,5600000000,80000000,https://divar.ir/v/AZXJs9zC
70,1382,1,1,1,0,1,4800000000,68571000,https://divar.ir/v/AZXFsAHp
147,1402,3,3,1,1,1,18000000000,122448000,https://divar.ir/v/AZXd7c4N
91,1385,2,2,0,1,1,6640000000,72967000,https://divar.ir/v/AZXZrYc_
185,1402,3,2,1,1,1,18500000000,100000000,https://divar.ir/v/AZXRL-0t
135,70,3,1,0,0,1,6400000000,47407000,https://divar.ir/v/AZXRbsdM
86,1381,2,2,1,0,1,6020000000,70000000,https://divar.ir/v/AZX1KOUT
85,1388,2,3,1,0,1,7000000000,82352000,https://divar.ir/v/AZXZ6RhP
93,1383,2,4,0,1,1,5300000000,56989000,https://divar.ir/v/AZXFaXGE
60,1382,1,1 از ۳,0,0,0,4000000000,66666000,https://divar.ir/v/AZXp5gxS
73,1380,1,3,1,0,1,5350000000,73287000,https://divar.ir/v/AZXl5iev
102,1381,2,1,0,1,1,8990000000,88137000,https://divar.ir/v/AZXZZnHg
49,1380,1,1,0,0,1,3700000000,75510000,https://divar.ir/v/AZXNJtkH
82,1381,2,2,0,1,1,6370000000,77682000,https://divar.ir/v/AZXZnWJw
90,1384,2,1,0,1,1,6700000000,74444000,https://divar.ir/v/AZRVztKB
86,1382,2,3,0,1,1,6000000000,69767000,https://divar.ir/v/AZXtW-fk
72,1392,2,5,1,1,0,6300000000,87500000,https://divar.ir/v/AZXxVADS
141,1401,3,4,1,1,1,12850000000,91134000,https://divar.ir/v/AZXJXCQX
50,1394,1,2,1,0,1,3800000000,76000000,https://divar.ir/v/AZX5GWxi
185,1388,3,2,0,1,1,14500000000,78378000,https://divar.ir/v/AZX5GHOR
148,1401,3,6,1,1,1,13600000000,91891000,https://divar.ir/v/AZXtmkgg
60,1372,1,1 از ۳,0,0,0,3900000000,65000000,https://divar.ir/v/AZXVGo-e
42,1387,1,2,0,1,1,3700000000,88095000,https://divar.ir/v/AZXFmPBN
103,1382,2,2,1,1,1,9100000000,88349000,https://divar.ir/v/AZX5VOnk
65,1384,1,3,1,0,1,5200000000,80000000,https://divar.ir/v/AZPdHUJ8
186,1401,3,5,1,1,1,22320000000,120000000,https://divar.ir/v/AZXplnCy
100,1401,2,3,1,1,1,11000000000,110000000,https://divar.ir/v/AZXl1qNw
84,1393,2,2,1,1,1,8000000000,95238000,https://divar.ir/v/AZXJFR-0
70,1390,2,1,1,0,1,5600000000,80000000,https://divar.ir/v/AZX90Tq1
77,1396,2,2,1,1,1,6700000000,87012000,https://divar.ir/v/AZXxEorH
78,1396,2,1,1,1,1,6750000000,86538000,https://divar.ir/v/AZXVUrkF
53,1394,1,2,1,1,1,4250000000,80188000,https://divar.ir/v/AZSxTUxM
60,1380,1,1,0,0,0,4050000000,67500000,https://divar.ir/v/AZPJqRRl
79,1396,1,3,1,1,1,6400000000,81012000,https://divar.ir/v/AZRhBIkB
144,1385,3,2,0,1,1,12000000000,83333000,https://divar.ir/v/AZXJkr4b
50,1386,1,4,0,0,0,3750000000,75000000,https://divar.ir/v/AZXBErhy
83,1385,2,4,0,1,1,4900000000,59036000,https://divar.ir/v/AZXBUFAj
85,1397,2,5,1,1,1,8500000000,100000000,https://divar.ir/v/AZRtSLyJ
42,1387,1,2,0,1,1,3700000000,88095000,https://divar.ir/v/AZWprLYn
145,70,3,4,0,1,1,8850000000,61034000,https://divar.ir/v/AZWJrbu3
155,1402,3,1,1,1,1,16275000000,105000000,https://divar.ir/v/AZSNpmOw
86,1382,2,2,0,1,1,6000000000,69767000,https://divar.ir/v/AZW1oCJd
42,1385,2,1,1,0,1,4220000000,100476000,https://divar.ir/v/AZWlY4Ac
58,1385,1,2,1,0,0,3950000000,68103000,https://divar.ir/v/AZWBo3N4
47,1384,1,1,1,0,0,3900000000,82978000,https://divar.ir/v/AZWx2O4E
88,1388,2,5,1,1,1,7100000000,80681000,https://divar.ir/v/AZOVxCAu
109,1392,2,5,1,1,1,8720000000,80000000,https://divar.ir/v/AZSNxT0_
72,1382,2,2,1,1,1,6100000000,84722000,https://divar.ir/v/AZP5bjva
95,1399,2,2,1,1,1,8750000000,92105000,https://divar.ir/v/AZWFmtGI
114,1385,3,2,0,0,1,7400000000,64912000,https://divar.ir/v/AZWBmPOS
120,1390,2,5,1,1,1,11950000000,99583000,https://divar.ir/v/AZTFHb7t
94,1382,2,2,0,1,1,6700000000,71276000,https://divar.ir/v/AZJxTCbV
54,1381,1,1,0,0,0,3300000000,61111000,https://divar.ir/v/AZWhVcFd
75,1396,2,2,1,1,1,6500000000,86666000,https://divar.ir/v/AZWNls1Z
53,1375,1,4,0,0,1,4250000000,80188000,https://divar.ir/v/AZWVkc0V
56,1386,1,2,1,1,1,4700000000,83928000,https://divar.ir/v/AZWxjGMs
43,1382,1,2,0,0,1,3250000000,75581000,https://divar.ir/v/AZWxTywY
92,1402,2,6,1,1,1,9000000000,97826000,https://divar.ir/v/AZWRzavX
73,1381,1,3,1,0,1,5350000000,73287000,https://divar.ir/v/AZLVsioi
53,1393,1,4,1,1,0,4600000000,86792000,https://divar.ir/v/AZWFTnHb
70,1391,2,3,1,1,1,6100000000,87142000,https://divar.ir/v/AZWliaq0
110,1402,2,6,1,1,1,9350000000,85000000,https://divar.ir/v/AZWdC7n-
143,1392,3,5,1,1,1,15000000000,104895000,https://divar.ir/v/AZWtxsei
107,1386,2,3,1,1,1,9300000000,86915000,https://divar.ir/v/AZWpBo_9
150,1401,3,5,1,1,1,15000000000,100000000,https://divar.ir/v/AZWVh8Oe
56,1385,1,2,1,1,1,4700000000,83928000,https://divar.ir/v/AZWRx5C8
48,1380,2,3,1,0,1,3550000000,73958000,https://divar.ir/v/AZS9CsjD
100,1391,2,1,1,1,1,8490000000,84900000,https://divar.ir/v/AZWJBnJV
82,1386,2,3,1,0,1,6560000000,80000000,https://divar.ir/v/AZTR2JVj
52,1381,1,3,1,1,0,4150000000,79807000,https://divar.ir/v/AZWhAqkc
53,1396,1,2,1,1,0,4250000000,80188000,https://divar.ir/v/AZWlgz0o
65,1380,1,3,0,1,1,4000000000,61538000,https://divar.ir/v/AZWZA6rx
117,1398,2,5,1,1,0,10200000000,87179000,https://divar.ir/v/AZWdAWJa
72,1382,2,3,0,0,1,4500000000,62500000,https://divar.ir/v/AZWdAB7J
43,1399,1,2,1,0,1,2820000000,65581000,https://divar.ir/v/AZK5RVxY
167,1398,3,4,1,1,1,16700000000,100000000,https://divar.ir/v/AZQt8yqL
85,1380,2,1 از ۴,0,0,1,7500000000,88235000,https://divar.ir/v/AZWJgSQM
65,1382,1,3,0,0,1,3150000000,48461000,https://divar.ir/v/AZWJAruE
50,1396,1,1,0,0,0,3900000000,78000000,https://divar.ir/v/AZWJgfX7
49,1388,1,3,1,1,1,4200000000,85714000,https://divar.ir/v/AZWFwq7f
94,1382,2,1,0,1,1,8000000000,85106000,https://divar.ir/v/AZNFhGLR
87,1382,2,3,0,1,1,5600000000,64367000,https://divar.ir/v/AZV9__KW
103,1389,2,4,1,1,1,10000000000,97087000,https://divar.ir/v/AZV1vd7H
60,1385,1,4,0,1,1,4300000000,71666000,https://divar.ir/v/AZVxvUCv
80,1401,2,5,1,1,1,10000000000,125000000,https://divar.ir/v/AZVtP92N
54,1386,1,3,0,0,1,3240000000,60000000,https://divar.ir/v/AZRVBV8H
90,1380,2,1,0,1,1,6800000000,75555000,https://divar.ir/v/AZRBxJ7Y
50,1386,2,2,1,0,1,3680000000,73600000,https://divar.ir/v/AZQl7NZi
61,1380,1,2,0,1,1,4350000000,71311000,https://divar.ir/v/AZOdib8T
210,1401,3,2,1,1,1,24000000000,114285000,https://divar.ir/v/AZVR_b0w
90,1371,2,2,0,0,1,7500000000,83333000,https://divar.ir/v/AZTR1dKc
110,1402,2,6,1,1,1,8980000000,81636000,https://divar.ir/v/AZO5Ib3m
91,1393,2,4,1,0,0,6350000000,69780000,https://divar.ir/v/AZVJHU8C
145,1393,3,5,1,1,1,14500000000,100000000,https://divar.ir/v/AZS1L7d9
93,1384,2,4,0,1,1,5500000000,59139000,https://divar.ir/v/AZTRsWyw
60,1384,2,2,1,1,1,4500000000,75000000,https://divar.ir/v/AZVdzB6N
97,1382,2,1,0,0,1,6850000000,70618000,https://divar.ir/v/AZVRjkad
53,1397,1,2,1,1,1,4350000000,82075000,https://divar.ir/v/AZVNTTo8
45,1400,1,4,1,1,1,4550000000,101111000,https://divar.ir/v/AZV5CdYZ
86,1386,2,1,0,0,1,6450000000,75000000,https://divar.ir/v/AZVxSWFG
50,1380,1,2,0,0,1,3400000000,68000000,https://divar.ir/v/AZVdSO53
84,1387,2,4,0,1,1,4500000000,53571000,https://divar.ir/v/AZSxiAGK
62,1385,2,2,1,1,1,4500000000,72580000,https://divar.ir/v/AZVJiNDv
93,1391,2,4,0,1,1,5000000000,53763000,https://divar.ir/v/AZV9hR4H
63,1383,2,5,1,1,1,5200000000,82539000,https://divar.ir/v/AZV1BKYP
62,1380,1,1,0,1,1,4600000000,74193000,https://divar.ir/v/AZUBPLHN
53,1385,1,1,1,0,1,3840000000,72452000,https://divar.ir/v/AZU5uCC6
95,1382,2,3,0,0,1,6800000000,71578000,https://divar.ir/v/AZUhOtan
86,1387,2,1,0,0,1,6000000000,69767000,https://divar.ir/v/AZUp-v-f
67,1394,2,3,1,1,1,9300000000,138805000,https://divar.ir/v/AZUJ-XQn
80,1389,2,3,1,0,1,6320000000,79000000,https://divar.ir/v/AZUB-P_N
107,1384,2,3,1,1,1,9300000000,86915000,https://divar.ir/v/AZU19RbG
86,1385,2,1,0,0,1,6450000000,75000000,https://divar.ir/v/AZUlt-3M
185,1384,3,3,1,1,1,16650000000,90000000,https://divar.ir/v/AZUJr0ZZ
98,1384,2,2,1,1,1,7800000000,79591000,https://divar.ir/v/AZU95fpX
94,1382,2,3,0,0,1,6800000000,72340000,https://divar.ir/v/AZUd3Ffy
75,1381,2,2,0,1,1,5900000000,78666000,https://divar.ir/v/AZTBfUf_
140,1398,3,2,1,1,1,12000000000,85714000,https://divar.ir/v/AZT59nAu
98,1382,2,3,0,1,1,6400000000,65306000,https://divar.ir/v/AZTl9dBx
81,1382,1,1 از ۵,1,1,1,6200000000,76543000,https://divar.ir/v/AZThNiiB
145,1392,3,1,1,1,1,12500000000,86206000,https://divar.ir/v/AZT5sk53
97,1382,2,4,0,1,1,6400000000,65979000,https://divar.ir/v/AZTx8UtS
190,1389,3,2,1,1,1,19000000000,100000000,https://divar.ir/v/AZTlsyl_
94,1385,2,4,0,1,1,5300000000,56382000,https://divar.ir/v/AZTV8iae
85,1401,2,2,1,1,0,8075000000,95000000,https://divar.ir/v/AZT1LFjq
50,1385,1,1,0,1,1,3700000000,74000000,https://divar.ir/v/AZTt7f1U
97,1385,2,4,0,1,1,6400000000,65979000,https://divar.ir/v/AZTh7aij
40,1385,1,3,0,1,1,2840000000,71000000,https://divar.ir/v/AZThrMHd
83,1385,2,4,0,0,1,4352000000,52433000,https://divar.ir/v/AZTN7DZT
99,1386,2,4,0,1,1,6400000000,64646000,https://divar.ir/v/AZTJrkdS
54,1383,1,2,1,1,1,5800000000,107407000,https://divar.ir/v/AZTFL2Km
92,1400,2,4,1,1,1,11000000000,119565000,https://divar.ir/v/AZR9hNWW
85,1380,2,3,0,1,1,6375000000,75000000,https://divar.ir/v/AZTJKjCC
91,1384,2,5,1,0,1,6100000000,67032000,https://divar.ir/v/AZTB4a8F
126,1400,3,4,1,1,1,13200000000,104761000,https://divar.ir/v/AZT5HfK4
78,1389,2,2,1,1,1,7350000000,94230000,https://divar.ir/v/AZTt3lDv
95,1398,2,2,1,1,1,9900000000,104210000,https://divar.ir/v/AZTR3L-e
63,1380,1,4,0,0,1,3750000000,59523000,https://divar.ir/v/AZTJHBhe
117,1402,3,4,1,1,1,10900000000,93162000,https://divar.ir/v/AZTFnwCl
65,1402,2,1,1,1,1,6150000000,94615000,https://divar.ir/v/AZT5mQih
57,1386,1,2,1,1,1,4580000000,80350000,https://divar.ir/v/AZTxmoJf
60,1398,1,4,1,1,1,5700000000,95000000,https://divar.ir/v/AZTlWnzA
95,1382,2,1,0,1,1,6850000000,72105000,https://divar.ir/v/AZTV2Ix1
173,1397,3,3,1,1,1,17300000000,100000000,https://divar.ir/v/AZHtuZPB
76,1391,2,4,1,1,1,6300000000,82894000,https://divar.ir/v/AZTB2_HG
160,1402,3,4,1,1,1,16000000000,100000000,https://divar.ir/v/AZT5FNUz
115,1401,2,5,1,1,1,9800000000,85217000,https://divar.ir/v/AZT11ONJ
171,1400,3,2,1,1,1,25000000000,146198000,https://divar.ir/v/AZTtleS9
82,1387,2,4,0,0,1,4500000000,54878000,https://divar.ir/v/AZTpl9a9
75,1385,2,1,0,0,1,5500000000,73333000,https://divar.ir/v/AZTllAfK
65,1401,2,1,1,1,1,4600000000,70769000,https://divar.ir/v/AZTd1lGp
53,1386,1,4,0,1,1,4717000000,89000000,https://divar.ir/v/AZMROGTF
75,1384,1,1,1,0,1,5500000000,73333000,https://divar.ir/v/AZShuBhX
144,1395,3,3,1,1,1,11000000000,76388000,https://divar.ir/v/AZS1MiXh
75,1381,2,3,0,1,1,6000000000,80000000,https://divar.ir/v/AZS15cFq
55,1382,1,2,0,0,1,3450000000,62727000,https://divar.ir/v/AZSlZl_N
70,1382,1,2,0,0,1,5040000000,72000000,https://divar.ir/v/AZP5N2e0
50,1380,1,4,1,0,1,3600000000,72000000,https://divar.ir/v/AZItQ5XI
125,1384,3,4,0,1,1,6500000000,52000000,https://divar.ir/v/AZStIfs0
65,1382,1,2,0,0,1,4300000000,66153000,https://divar.ir/v/AZSZYdIB
83,1394,2,4,1,0,0,8000000000,96385000,https://divar.ir/v/AZS1YcoB
92,1385,2,2,1,0,1,7000000000,76086000,https://divar.ir/v/AZStYnaC
49,1388,1,1,0,0,1,3700000000,75510000,https://divar.ir/v/AZSZYXWT
126,1400,3,1,1,1,1,16400000000,130158000,https://divar.ir/v/AZSJYGE3
70,1382,1,3,0,1,1,4500000000,64285000,https://divar.ir/v/AZSBY-gC
67,1382,2,1,1,1,1,5500000000,82089000,https://divar.ir/v/AZSJoR3S
84,1383,2,4,0,0,1,4350000000,51785000,https://divar.ir/v/AZSFI4BW
40,1389,1,1,0,0,1,2700000000,67500000,https://divar.ir/v/AZS1H-ge
68,1386,2,1,1,1,1,5440000000,80000000,https://divar.ir/v/AZSxHi19
100,1386,2,2,1,1,1,7300000000,73000000,https://divar.ir/v/AZSdH212
72,1382,1,3,1,0,0,5150000000,71527000,https://divar.ir/v/AZSxWEe0
80,1388,2,3,1,0,1,6400000000,80000000,https://divar.ir/v/AZShGfrR
145,1394,3,5,1,1,1,14500000000,100000000,https://divar.ir/v/AZSd2GMr
60,1398,2,2,1,1,1,4000000000,66666000,https://divar.ir/v/AZPRoXac
40,1397,1,2,1,0,0,3800000000,95000000,https://divar.ir/v/AZSJGiQM
88,1398,2,1,1,0,1,6980000000,79318000,https://divar.ir/v/AZHJfKtj
74,1388,2,4,0,1,1,5145000000,69527000,https://divar.ir/v/AZSR1GCN
45,1398,1,4,1,1,0,4550000000,101111000,https://divar.ir/v/AZS1zBWA
48,1381,2,2,1,0,0,3650000000,76041000,https://divar.ir/v/AZSRjJlB
61,1382,1,4,0,0,0,3400000000,55737000,https://divar.ir/v/AZSJTONz
110,1402,2,6,1,1,1,9240000000,84000000,https://divar.ir/v/AZS5imTJ
50,1382,1,1,1,0,0,3500000000,70000000,https://divar.ir/v/AZS5iQXb
61,1382,1,2,1,0,1,4200000000,68852000,https://divar.ir/v/AZSlCDEp
100,1401,2,4,1,1,0,11000000000,110000000,https://divar.ir/v/AZSVSRQu
93,1401,2,1,1,1,1,8900000000,95698000,https://divar.ir/v/AZM5bYhv
60,1383,1,2,1,1,0,4300000000,71666000,https://divar.ir/v/AZSJCRHu
98,1398,2,5,1,1,1,6100000000,62244000,https://divar.ir/v/AZS5RUhH
73,1390,2,4,0,1,1,5100000000,69863000,https://divar.ir/v/AZS9h1NF
63,1380,1,4,0,0,1,3800000000,60317000,https://divar.ir/v/AZS1R8uw
84,1400,2,1,1,1,1,9400000000,111904000,https://divar.ir/v/AZSlhhG4
137,1393,3,4,1,1,1,15070000000,110000000,https://divar.ir/v/AZSdBjph
80,1383,2,1,0,1,1,6000000000,75000000,https://divar.ir/v/AZSVhtbw
73,1383,2,1,1,0,1,5350000000,73287000,https://divar.ir/v/AZPxaJxj
82,1386,2,4,0,0,1,4500000000,54878000,https://divar.ir/v/AZPV-_nc
80,1395,2,2,1,1,1,7600000000,95000000,https://divar.ir/v/AZSJxMmQ
115,1385,2,2,1,1,1,9050000000,78695000,https://divar.ir/v/AZSFBscx
65,1382,1,1,0,1,1,4900000000,75384000,https://divar.ir/v/AZSxQ_MP
50,1384,1,1,0,0,1,3700000000,74000000,https://divar.ir/v/AZPBunpw
76,1383,2,3,0,1,1,5000000000,65789000,https://divar.ir/v/AZRhwF6i
60,1385,1,4,0,0,1,3600000000,60000000,https://divar.ir/v/AZRpk9La
94,1381,2,4,0,1,1,5800000000,61702000,https://divar.ir/v/AZRh0sQx
75,1384,2,1,0,0,1,4800000000,64000000,https://divar.ir/v/AZRhEiak
190,1400,4,2,1,1,1,27550000000,145000000,https://divar.ir/v/AZRNU8eo
95,1398,2,1,1,1,1,10500000000,110526000,https://divar.ir/v/AZRJ0vHt
76,1384,2,3,0,1,1,5000000000,65789000,https://divar.ir/v/AZRpzkdW
100,1381,2,5,1,1,1,9000000000,90000000,https://divar.ir/v/AZRZz_5m
54,1380,1,4,0,0,1,3250000000,60185000,https://divar.ir/v/AZKlCa1-
210,1402,4,6,1,1,1,27300000000,130000000,https://divar.ir/v/AZRpCMow
107,1402,2,2,1,1,1,8925000000,83411000,https://divar.ir/v/AZRliRoU
107,1402,2,2,1,1,1,9095000000,85000000,https://divar.ir/v/AZP9vi9z
62,1380,1,2,1,1,1,4774000000,77000000,https://divar.ir/v/AZRZCp50
60,1380,1,3,1,1,1,3150000000,52500000,https://divar.ir/v/AZKZHQ1I
88,1384,2,4,0,1,1,5160000000,58636000,https://divar.ir/v/AZRNyklL
85,1400,2,1,1,1,0,9350000000,110000000,https://divar.ir/v/AZRlRRZG
65,1382,1,2,1,1,1,4774000000,73446000,https://divar.ir/v/AZRVRX2S
49,1387,1,1,0,0,1,3700000000,75510000,https://divar.ir/v/AZR5gtQW
75,1385,2,4,1,1,1,5625000000,75000000,https://divar.ir/v/AZRxg8ye
121,1375,3,2,0,1,1,6500000000,53719000,https://divar.ir/v/AZRVw5nt
75,1385,2,4,1,1,1,5925000000,79000000,https://divar.ir/v/AZRVgK9T
59,1381,1,4,0,0,1,3290000000,55762000,https://divar.ir/v/AZQp_01h
127,1401,3,4,1,1,1,13000000000,102362000,https://divar.ir/v/AZQB_-gp
56,1398,1,1,1,1,1,5040000000,90000000,https://divar.ir/v/AZQ5eZoK
89,1383,2,2,0,1,1,6850000000,76966000,https://divar.ir/v/AZQV-WQX
59,1397,1,4,1,1,0,5310000000,90000000,https://divar.ir/v/AZQBe6T1
78,1382,2,4,0,0,1,4130000000,52948000,https://divar.ir/v/AZQBOBiw
136,1398,3,1,1,1,0,12920000000,95000000,https://divar.ir/v/AZQ1tx2j
52,1381,1,2,0,1,1,3980000000,76538000,https://divar.ir/v/AZQhd4dN
60,1382,1,4,0,0,0,3500000000,58333000,https://divar.ir/v/AZQVt-LH
60,1385,2,4,0,1,0,4200000000,70000000,https://divar.ir/v/AZQNd5ny
48,1380,1,3,0,0,1,3100000000,64583000,https://divar.ir/v/AZQFNMJX
62,1392,2,2,0,1,1,4500000000,72580000,https://divar.ir/v/AZQ9MzEJ
148,1401,3,2,1,1,1,14400000000,97297000,https://divar.ir/v/AZQx8N4q
90,1376,2,3,0,1,0,5700000000,63333000,https://divar.ir/v/AZQx8GQI
78,1386,2,1,0,1,1,6600000000,84615000,https://divar.ir/v/AZQtsmBl
55,1390,2,1,1,1,1,4300000000,78181000,https://divar.ir/v/AZQt8J0B
53,1394,1,2,1,1,0,4250000000,80188000,https://divar.ir/v/AZQlca6U
65,1385,1,5,1,0,1,4100000000,63076000,https://divar.ir/v/AZKtT-5R
56,1396,1,1,1,1,0,5050000000,90178000,https://divar.ir/v/AZQdc44d
100,1390,2,3,1,1,1,10000000000,100000000,https://divar.ir/v/AZQBc5ko
130,1402,3,2,1,1,1,8500000000,65384000,https://divar.ir/v/AZQ9rRKm
60,1393,2,4,0,1,1,4650000000,77500000,https://divar.ir/v/AZQxrLcu
93,1401,2,1,1,1,1,8900000000,95698000,https://divar.ir/v/AZMNuSmr
50,1384,1,1,0,0,1,3650000000,73000000,https://divar.ir/v/AZQZb2HA
70,1382,1,1,0,1,0,4830000000,69000000,https://divar.ir/v/AZKdZ9el
55,1384,1,2,1,1,1,4450000000,80909000,https://divar.ir/v/AZQFbQep
150,1402,3,5,1,1,1,18000000000,120000000,https://divar.ir/v/AZQ9qqqI
50,1384,1,3,0,0,0,2800000000,56000000,https://divar.ir/v/AZQ1q36K
48,1384,1,2,1,0,1,3980000000,82916000,https://divar.ir/v/AZQlaybj
105,1402,2,2,1,1,1,13650000000,130000000,https://divar.ir/v/AZQZqHxb
145,1402,4,4,1,1,0,14500000000,100000000,https://divar.ir/v/AZJtFc03
105,1402,2,4,1,1,1,10350000000,98571000,https://divar.ir/v/AZQpyvx6
57,1386,1,2,1,1,1,4674000000,82000000,https://divar.ir/v/AZQVxGpX
84,1380,2,4,0,0,1,4368000000,52000000,https://divar.ir/v/AZQVhVJG
135,1401,3,3,1,1,1,9000000000,66666000,https://divar.ir/v/AZQlgwip
50,1382,1,1,1,0,0,3350000000,67000000,https://divar.ir/v/AZPd_Gex
72,1380,1,3,1,0,1,5200000000,72222000,https://divar.ir/v/AZPNvQdK
105,70,2,2,0,0,1,5500000000,52380000,https://divar.ir/v/AZPh-Jn2
49,1384,1,3,1,0,1,3350000000,68367000,https://divar.ir/v/AZPJ-xMw
96,1401,2,4,1,1,1,11000000000,114583000,https://divar.ir/v/AZPFubAn
108,1382,2,4,0,1,1,7000000000,64814000,https://divar.ir/v/AZOh2E4v
100,1382,2,5,1,1,1,9000000000,90000000,https://divar.ir/v/AZPVNSTM
87,1398,2,4,1,1,1,7500000000,86206000,https://divar.ir/v/AZP5MYNG
105,1394,3,1,1,1,1,11000000000,104761000,https://divar.ir/v/AZP5M2nR
105,1401,2,1,1,1,1,9270000000,88285000,https://divar.ir/v/AZPx87TG
67,1390,2,2,1,0,1,5000000000,74626000,https://divar.ir/v/AZPtMNtw
80,1382,2,4,0,1,1,6500000000,81250000,https://divar.ir/v/AZPRsHBa
58,1379,2,1,0,0,0,4000000000,68965000,https://divar.ir/v/AZP5L4yl
94,1398,2,5,1,1,1,8100000000,86170000,https://divar.ir/v/AZP9buSX
33,1382,1,4,0,0,1,2330000000,70606000,https://divar.ir/v/AZPxrZ41
95,1398,2,2,1,1,1,10450000000,110000000,https://divar.ir/v/AZPx5GEF
115,1398,2,3,1,1,1,10500000000,91304000,https://divar.ir/v/AZP1ou0X
127,1402,3,1,1,1,1,16445000000,129488000,https://divar.ir/v/AZPpItUw
89,1385,2,3,0,1,1,6000000000,67415000,https://divar.ir/v/AZPNobOl
82,1384,2,3,0,1,1,5500000000,67073000,https://divar.ir/v/AZPJYm9C
100,1380,2,3,0,1,1,6440000000,64400000,https://divar.ir/v/AZPF4CnY
145,1401,3,3,1,1,1,13050000000,90000000,https://divar.ir/v/AZPx3gSb
72,1381,2,2,1,1,1,6100000000,84722000,https://divar.ir/v/AZP138Vr
59,1381,1,3,0,1,1,3990000000,67627000,https://divar.ir/v/AZL1qvdL
60,1376,1,1,0,1,1,4100000000,68333000,https://divar.ir/v/AZPJ3XnF
48,1380,1,3,0,0,0,3100000000,64583000,https://divar.ir/v/AZPxnIdS
90,1399,2,1,1,1,1,9900000000,110000000,https://divar.ir/v/AZPJHDrx
100,1401,2,2,1,1,1,11500000000,115000000,https://divar.ir/v/AZPFnEtr
136,1401,3,1,1,1,1,11970000000,88014000,https://divar.ir/v/AZP5Ww74
80,1398,2,5,1,1,1,7200000000,90000000,https://divar.ir/v/AZP5GcIE
60,1385,1,3,1,0,1,5100000000,85000000,https://divar.ir/v/AZO1wI-p
105,1390,2,5,1,1,1,9500000000,90476000,https://divar.ir/v/AZPVGCYm
56,1397,1,1,1,1,0,5000000000,89285000,https://divar.ir/v/AZPNmJXe
43,1384,1,3,0,1,1,3100000000,72093000,https://divar.ir/v/AZPBGfWj
70,1399,2,2,1,1,1,5220000000,74571000,https://divar.ir/v/AZNdTODs
42,1382,1,3,0,1,1,3120000000,74285000,https://divar.ir/v/AZPB1oqa
70,1390,1,2,0,1,1,4840000000,69142000,https://divar.ir/v/AZPpUubh
76,1396,2,2,1,1,1,7220000000,95000000,https://divar.ir/v/AZPlEW3I
110,1402,2,2,1,1,0,9900000000,90000000,https://divar.ir/v/AZPNClOJ
80,1385,2,1 از ۵,1,0,1,6300000000,78750000,https://divar.ir/v/AZORtyZA
60,1392,2,3,1,1,1,4900000000,81666000,https://divar.ir/v/AZOxJS7w
60,1385,1,4,0,0,1,3600000000,60000000,https://divar.ir/v/AZOZ5KPX
42,1381,1,2,0,1,1,3150000000,75000000,https://divar.ir/v/AZOdJLah
62,1380,1,2,0,1,1,4400000000,70967000,https://divar.ir/v/AZOJptB0
150,1402,3,3,1,1,1,13500000000,90000000,https://divar.ir/v/AZO5oEuw
95,1402,2,4,1,1,1,11400000000,120000000,https://divar.ir/v/AZO1Yap1
105,1402,2,3,1,1,0,10000000000,95238000,https://divar.ir/v/AZOVoBLg
68,1400,2,6,1,1,0,5850000000,86029000,https://divar.ir/v/AZOVotcu
63,1391,1,5,1,1,1,5670000000,90000000,https://divar.ir/v/AZOFolVM
103,1393,2,3,1,1,1,9400000000,91262000,https://divar.ir/v/AZO93dYC
89,1382,2,2,0,1,0,7100000000,79775000,https://divar.ir/v/AZOxnmWN
75,1381,2,4,0,0,1,4900000000,65333000,https://divar.ir/v/AZOVnAl8
69,1387,2,3,0,1,1,5550000000,80434000,https://divar.ir/v/AZORXXsj
68,1400,2,6,1,1,0,5850000000,86029000,https://divar.ir/v/AZO5GjMs
83,1400,2,2,1,1,1,7200000000,86746000,https://divar.ir/v/AZOt23TV
64,1380,1,3,0,0,1,4100000000,64062000,https://divar.ir/v/AZOlGdKK
64,1380,1,4,0,0,1,3400000000,53125000,https://divar.ir/v/AZOdWd8F
90,1399,2,3,1,1,1,7800000000,86666000,https://divar.ir/v/AZO1Fl7r
58,1384,1,1,0,1,1,4300000000,74137000,https://divar.ir/v/AZOp1J29
75,1381,2,4,0,1,1,5800000000,77333000,https://divar.ir/v/AZIJ2QH2
83,1387,2,2,0,1,1,5500000000,66265000,https://divar.ir/v/AZOlze0t
95,1400,2,2,1,1,1,10450000000,110000000,https://divar.ir/v/AZOVD7Ri
58,1384,1,1,0,0,1,3600000000,62068000,https://divar.ir/v/AZONDw3-
82,1386,2,3,0,1,1,5500000000,67073000,https://divar.ir/v/AZOJTToS
130,1394,3,3,1,1,1,10000000000,76923000,https://divar.ir/v/AZOBD_Wq
82,1381,2,3,0,1,1,5800000000,70731000,https://divar.ir/v/AZOxC-5T
72,1391,2,2,1,0,1,4300000000,59722000,https://divar.ir/v/AZO1Sjmt
50,1381,1,1,1,0,1,3800000000,76000000,https://divar.ir/v/AZOtC9o-
50,1383,2,2,1,0,1,3630000000,72600000,https://divar.ir/v/AZOtCBWG
96,1395,2,5,1,1,1,9900000000,103125000,https://divar.ir/v/AZOxyave
182,1384,3,3,0,1,1,14500000000,79670000,https://divar.ir/v/AZO5BuoV
82,1389,2,1,1,1,1,8100000000,98780000,https://divar.ir/v/AZOdRmBd
82,1388,2,1,1,1,1,7850000000,95731000,https://divar.ir/v/AZORh55V
182,1402,3,4,1,1,1,25480000000,140000000,https://divar.ir/v/AZORhYva
63,1382,1,1,0,0,1,4400000000,69841000,https://divar.ir/v/AZORhSYR
103,1380,3,4,0,1,1,7000000000,67961000,https://divar.ir/v/AZOJBzXn
47,1385,1,2,0,0,1,3100000000,65957000,https://divar.ir/v/AZKhWTM6
43,1384,1,3,0,0,0,2800000000,65116000,https://divar.ir/v/AZOBBjAB
175,1402,3,1,1,1,1,16625000000,95000000,https://divar.ir/v/AZKhkpQ1
140,1392,3,4,1,1,1,13500000000,96428000,https://divar.ir/v/AZK5KNrF
110,1396,2,4,1,1,1,7100000000,64545000,https://divar.ir/v/AZNBpuVH
89,1385,2,2,0,0,1,6200000000,69662000,https://divar.ir/v/AZNtH9kz
89,1378,2,3,0,1,1,7120000000,80000000,https://divar.ir/v/AZNllB33
82,1386,2,4,0,0,1,4500000000,54878000,https://divar.ir/v/AZNdF3l2
97,1388,2,1,0,0,1,8200000000,84536000,https://divar.ir/v/AZNRV-66
73,1385,1,3,1,0,1,5300000000,72602000,https://divar.ir/v/AZNxU1VG
73,1383,1,3,1,0,1,5350000000,73287000,https://divar.ir/v/AZNxUc7s
117,1391,3,1,1,1,1,11700000000,100000000,https://divar.ir/v/AZNRUksL
101,1401,2,1,1,1,1,12000000000,118811000,https://divar.ir/v/AZN9Sq95
64,1385,2,3,0,1,1,4100000000,64062000,https://divar.ir/v/AZNpS-_B
125,1379,3,4,0,1,1,7000000000,56000000,https://divar.ir/v/AZNpypcm
145,1402,3,3,1,1,1,13500000000,93103000,https://divar.ir/v/AZNpyIu9
69,1402,2,4,1,1,1,6300000000,91304000,https://divar.ir/v/AZNZSvrf
195,1402,3,4,1,1,1,25350000000,130000000,https://divar.ir/v/AZNFSCO1
50,1384,1,1,1,0,0,3350000000,67000000,https://divar.ir/v/AZNBy5kq
87,1382,2,5,1,0,1,7830000000,90000000,https://divar.ir/v/AZNBSHb0
65,1384,2,1,1,1,1,5060000000,77846000,https://divar.ir/v/AZN1hL9j
98,1383,2,1,0,1,1,6500000000,66326000,https://divar.ir/v/AZN1BOBE
145,1401,3,5,1,1,1,12300000000,84827000,https://divar.ir/v/AZNtB1sL
68,1400,2,6,1,1,1,5750000000,84558000,https://divar.ir/v/AZNlRlw9
50,1382,1,4,1,0,1,3350000000,67000000,https://divar.ir/v/AZKRXG83
80,1396,2,3,1,1,1,8000000000,100000000,https://divar.ir/v/AZNJRt58
61,1386,1,3,1,0,1,4250000000,69672000,https://divar.ir/v/AZNBhbHw
50,1389,1,1,0,1,1,3360000000,67200000,https://divar.ir/v/AZNdQ2mr
164,1400,3,3,1,1,1,21500000000,131097000,https://divar.ir/v/AZNZQpJ4
47,1385,1,1,0,0,1,3600000000,76595000,https://divar.ir/v/AZNRALUP
86,1381,2,4,0,1,1,5100000000,59302000,https://divar.ir/v/AZMFfu3o
94,1383,2,2,0,0,1,7550000000,80319000,https://divar.ir/v/AZMlO8LF
50,1385,1,5,1,1,1,4190000000,83800000,https://divar.ir/v/AZMduMD-
75,1385,2,4,0,0,1,4000000000,53333000,https://divar.ir/v/AZMZ-LWU
168,1375,3,3,0,1,1,12600000000,75000000,https://divar.ir/v/AZM9NrMR
48,1381,1,3,0,0,1,3800000000,79166000,https://divar.ir/v/AZMtN0Nw
65,1387,2,5,1,0,1,5100000000,78461000,https://divar.ir/v/AZMZNC3-
40,1385,1,1,1,0,1,3300000000,82500000,https://divar.ir/v/AZMtM6GM
104,1377,2,3,0,1,1,6100000000,58653000,https://divar.ir/v/AZMtsaz-
85,1384,2,3,0,1,1,4700000000,55294000,https://divar.ir/v/AZMlMtbl
90,1400,3,3,1,1,1,9900000000,110000000,https://divar.ir/v/AZIFf-67
44,1382,1,4,0,0,0,3000000000,68181000,https://divar.ir/v/AZMZ8pyU
132,1390,3,1,1,1,1,13000000000,98484000,https://divar.ir/v/AZMJM0Jz
66,1375,1,3,0,1,1,4400000000,66666000,https://divar.ir/v/AZJpVzfR
91,1399,2,6,1,1,1,8650000000,95054000,https://divar.ir/v/AZJpRwwV
92,1400,2,6,1,1,1,8300000000,90217000,https://divar.ir/v/AZM1LKym
160,1393,3,3,1,1,1,16300000000,101875000,https://divar.ir/v/AZMpLSTh
115,1392,2,4,1,1,1,9800000000,85217000,https://divar.ir/v/AZMlbp7w
49,1390,1,3,0,1,1,3800000000,77551000,https://divar.ir/v/AZMFrWS-
100,1401,2,3,1,1,1,11000000000,110000000,https://divar.ir/v/AZJVZ-9n
164,1398,3,5,1,1,1,21320000000,130000000,https://divar.ir/v/AZMxY9l-
110,1402,2,6,1,1,1,8700000000,79090000,https://divar.ir/v/AZMB2wO4
128,1401,3,5,1,1,0,11900000000,92968000,https://divar.ir/v/AZM1y9-A
82,1392,2,3,0,1,1,5800000000,70731000,https://divar.ir/v/AZMxypF2
95,70,2,4,0,1,1,6000000000,63157000,https://divar.ir/v/AZMFBIiI
48,1388,1,1,0,1,0,3300000000,68750000,https://divar.ir/v/AZMtwooh
83,1383,2,4,0,0,1,4800000000,57831000,https://divar.ir/v/AZMJge2V
50,1376,1,4,0,0,1,3000000000,60000000,https://divar.ir/v/AZLBNR_O
65,1398,1,4,1,0,1,4500000000,69230000,https://divar.ir/v/AZLhsHs_
62,1386,1,4,1,1,1,5000000000,80645000,https://divar.ir/v/AZLtr4M2
50,1382,1,1,0,0,1,3100000000,62000000,https://divar.ir/v/AZLtLFg2
68,1390,2,1,0,1,1,4230000000,62205000,https://divar.ir/v/AZJ1Ra7n
120,1382,2,4,0,1,1,1.11111E+11,925925000,https://divar.ir/v/AZLNXbX_
125,1390,2,5,1,1,1,10000000000,80000000,https://divar.ir/v/AZLhILKT
90,1381,2,4,0,1,1,6800000000,75555000,https://divar.ir/v/AZLVH-VW
70,1385,1,1,1,0,1,4950000000,70714000,https://divar.ir/v/AZLR3TBC
92,1393,2,3,1,1,1,8800000000,95652000,https://divar.ir/v/AZJJyiDi
80,1396,2,4,1,1,1,7550000000,94375000,https://divar.ir/v/AZKZOIeh
74,1386,2,1 از ۴,0,0,1,5250000000,70945000,https://divar.ir/v/AZKp6ojZ
80,1380,2,3,0,0,1,3600000000,45000000,https://divar.ir/v/AZKxJJSq
148,1396,3,6,1,1,1,16500000000,111486000,https://divar.ir/v/AZKt4SGd
115,1399,2,1,1,1,1,9200000000,80000000,https://divar.ir/v/AZKhoYlr
65,1387,2,1,1,1,1,4600000000,70769000,https://divar.ir/v/AZKdI4hu
96,1400,2,6,1,1,0,10000000000,104166000,https://divar.ir/v/AZKVo_LI
85,1401,2,2,1,1,1,10200000000,120000000,https://divar.ir/v/AZKJoxUt
52,1385,1,5,1,0,1,3750000000,72115000,https://divar.ir/v/AZKFouVB
288,1402,4,2,1,1,1,26000000000,90277000,https://divar.ir/v/AZK534OK
97,1388,2,3,1,1,1,9100000000,93814000,https://divar.ir/v/AZKh2iPF
91,1388,2,2,1,1,1,7735000000,85000000,https://divar.ir/v/AZKF1n3t
100,1390,2,3,1,1,0,7500000000,75000000,https://divar.ir/v/AZKFVaSg
75,1385,2,4,0,0,1,3950000000,52666000,https://divar.ir/v/AZKh0dEo
116,1384,2,3,1,1,1,9200000000,79310000,https://divar.ir/v/AZKh0Po5
100,1384,2,5,1,0,1,9000000000,90000000,https://divar.ir/v/AZKBUJkZ
68,1391,2,5,1,1,1,5850000000,86029000,https://divar.ir/v/AZK5zeIh
67,1401,2,2,1,1,1,6300000000,94029000,https://divar.ir/v/AZKxjSmr
60,1388,1,2,1,0,1,3900000000,65000000,https://divar.ir/v/AZKlDjfN
48,1389,1,1,0,1,0,3300000000,68750000,https://divar.ir/v/AZKlDOJE
40,1380,1,0,0,0,1,2080000000,52000000,https://divar.ir/v/AZKZDbVp
50,1381,1,3,1,0,1,3700000000,74000000,https://divar.ir/v/AZKRy9uP
76,1400,2,3,1,1,1,6850000000,90131000,https://divar.ir/v/AZKJyoa6
76,1396,2,3,1,1,1,6350000000,83552000,https://divar.ir/v/AZKJCeeD
55,1388,1,3,1,1,1,4200000000,76363000,https://divar.ir/v/AZK9hTHz
67,1402,2,2,1,1,0,6400000000,95522000,https://divar.ir/v/AZK5xCUi
42,1383,1,1,0,0,1,6000000000,142857000,https://divar.ir/v/AZK1BMfT
160,1402,3,5,1,1,1,16500000000,103125000,https://divar.ir/v/AZKBg5os
75,1383,2,3,0,1,0,5300000000,70666000,https://divar.ir/v/AZJpaduP
180,1388,3,3,1,1,1,15500000000,86111000,https://divar.ir/v/AZJRIibV
94,1385,2,2,0,1,1,6300000000,67021000,https://divar.ir/v/AZJRkN8p
96,1401,2,2,1,1,1,11000000000,114583000,https://divar.ir/v/AZJJEQX3
97,1386,2,3,1,1,1,9000000000,92783000,https://divar.ir/v/AZJ9jQgi
153,1390,3,5,1,1,1,12100000000,79084000,https://divar.ir/v/AZJJDRnP
63,1394,1,5,1,1,1,5700000000,90476000,https://divar.ir/v/AZJ1CHvB
107,1385,2,3,1,1,1,8500000000,79439000,https://divar.ir/v/AZJxi_3M
49,1390,1,1,0,1,1,3380000000,68979000,https://divar.ir/v/AZJhikx7
95,1402,2,4,1,1,1,9200000000,96842000,https://divar.ir/v/AZJdy33o
84,1382,2,3,0,1,1,4700000000,55952000,https://divar.ir/v/AZJFCqgl
67,1390,2,2,1,0,1,5500000000,82089000,https://divar.ir/v/AZJxxQ_z
87,1382,3,4,1,1,1,6600000000,75862000,https://divar.ir/v/AZJVBBgl
109,1385,2,4,1,1,1,9100000000,83486000,https://divar.ir/v/AZIRPQ2y
56,1384,1,4,0,0,1,4300000000,76785000,https://divar.ir/v/AZIBPkpn
164,1400,3,5,1,1,1,22140000000,135000000,https://divar.ir/v/AZIBfBG1
200,1401,4,2,1,1,1,28000000000,140000000,https://divar.ir/v/AZId-Apv
117,1398,2,5,1,1,0,10150000000,86752000,https://divar.ir/v/AZHVPRFJ
70,1382,2,2,0,0,1,4500000000,64285000,https://divar.ir/v/AZI5NwAm
50,1390,1,3,1,1,0,4200000000,84000000,https://divar.ir/v/AZIddXM1
66,1381,2,3,0,0,1,4700000000,71212000,https://divar.ir/v/AZIBNxCI
123,1397,3,4,1,1,1,10500000000,85365000,https://divar.ir/v/AZIp8YYa
48,1400,1,4,1,0,1,3800000000,79166000,https://divar.ir/v/AZIlsyJ7
108,1402,2,5,1,1,1,10600000000,98148000,https://divar.ir/v/AZIdcq7j
85,1401,2,3,1,1,1,9150000000,107647000,https://divar.ir/v/AZId8v7L
116,1401,2,5,1,1,1,10200000000,87931000,https://divar.ir/v/AZIlILUH
50,1385,1,3,0,1,1,3680000000,73600000,https://divar.ir/v/AZINCb6Y
92,1394,2,3,1,1,1,8800000000,95652000,https://divar.ir/v/AZI5xS3h
146,1402,3,2,1,1,1,16500000000,113013000,https://divar.ir/v/AZIVhQVX
63,1383,1,4,1,0,1,4000000000,63492000,https://divar.ir/v/AZINhplt
220,1401,4,4,1,1,1,29700000000,135000000,https://divar.ir/v/AZIZwmgT
94,1383,2,3,0,1,1,7520000000,80000000,https://divar.ir/v/AZIJQG2s
94,1392,2,1,1,1,1,7500000000,79787000,https://divar.ir/v/AZIFAJxj
85,1401,2,2,1,1,1,10000000000,117647000,https://divar.ir/v/AZHtvcoS
157,1392,3,5,1,1,1,14130000000,90000000,https://divar.ir/v/AZH5POtn
58,1383,1,زیر1 از ۴,0,0,1,3500000000,60344000,https://divar.ir/v/﻿AZWdR6i1
105,1387,2,3,1,1,1,10000000000,95238000,https://divar.ir/v/AZclp5ib
92,70,1,زیر1 از ۳,0,0,0,4800000000,52173000,https://divar.ir/v/AZjx9irl
86,1382,2,4,0,1,1,5160000000,60000000,https://divar.ir/v/AZSdYMWt
144,1392,3,1,1,1,1,12500000000,86805000,https://divar.ir/v/AZSZQRo3
85,1380,2,3,0,1,0,7500000000,88235000,https://divar.ir/v/AZSZQORI
205,1401,4,3,1,1,1,27675000000,135000000,https://divar.ir/v/AZSVAnvi
80,1402,2,2,1,1,0,7520000000,94000000,https://divar.ir/v/AZSVAM87
66,1402,2,1,1,1,1,6400000000,96969000,https://divar.ir/v/AZSBAM8i
90,1384,2,3,0,1,1,7200000000,80000000,https://divar.ir/v/AZR1fyHQ
115,1385,2,4,1,1,1,9100000000,79130000,https://divar.ir/v/AZRJf8cn
110,1396,2,5,1,1,0,7700000000,70000000,https://divar.ir/v/AZRpXA-k
46,1380,1,5,0,0,1,2800000000,60869000,https://divar.ir/v/AZOlIM84
66,1380,1,2,0,0,1,4200000000,63636000,https://divar.ir/v/AZRxVUEz
80,1380,2,1,0,1,1,5600000000,70000000,https://divar.ir/v/AZOliFPt
52,1385,1,5,1,0,1,3800000000,73076000,https://divar.ir/v/AZOhyvfF
50,1387,1,5,1,1,1,4200000000,84000000,https://divar.ir/v/AZOJC7Hn
65,1385,2,5,1,0,1,4600000000,70769000,https://divar.ir/v/AZOFiRaL
92,1400,2,6,1,1,1,8200000000,89130000,https://divar.ir/v/AZO9hSxS
94,1398,2,3,1,1,1,8740000000,92978000,https://divar.ir/v/AZNxjhxW
97,1392,2,1,0,0,1,7800000000,80412000,https://divar.ir/v/AZNxzAR7
132,1402,3,6,1,1,1,17556000000,133000000,https://divar.ir/v/AZNtzTE4
75,1381,2,2,0,1,1,5900000000,78666000,https://divar.ir/v/AZNhj48i
103,1380,2,3,0,1,1,7120000000,69126000,https://divar.ir/v/AZL5OE5O
64,1380,1,0,0,0,1,2500000000,39062000,https://divar.ir/v/AZLFtVXr
176,1391,3,3,1,1,1,16000000000,90909000,https://divar.ir/v/AZJplN2h
55,1386,1,3,1,1,1,4700000000,85454000,https://divar.ir/v/AZJ1Uo6E
58,1382,1,1,0,0,1,3600000000,62068000,https://divar.ir/v/AZJZETpG
47,1380,1,1,1,1,1,3550000000,75531000,https://divar.ir/v/AZJNErFv
50,1390,1,3,0,1,1,4200000000,84000000,https://divar.ir/v/AZIxt0L0
114,1398,3,6,1,1,1,9050000000,79385000,https://divar.ir/v/AZIddlPd
